t,emg1,emg2,emg3
1770900369.7970974,0.0,0.0,0.0
1770900369.8021576,0.0,0.0,0.0
1770900369.8072178,0.0,0.0,0.0
1770900369.8122783,0.0,0.0,0.0
1770900369.8173375,0.0,0.0,0.0
1770900369.8223984,0.0,0.0,0.0
1770900369.8274593,0.0,0.0,0.0
1770900369.8325188,0.0,0.0,0.0
1770900369.837575,0.0,0.0,0.0
1770900369.8426342,0.0,0.0,0.0
1770900369.847725,0.0,0.0,0.0
1770900369.852818,0.0,0.0,0.0
1770900369.8579123,0.0,0.0,0.0
1770900369.863014,0.0,0.0,0.0
1770900369.868074,0.0,0.0,0.0
1770900369.8731642,0.0,0.0,0.0
1770900369.8782244,0.0,0.0,0.0
1770900369.8833342,0.0,0.0,0.0
1770900369.8884022,0.0,0.0,0.0
1770900369.893495,0.0,0.0,0.0
1770900369.898586,0.0,0.0,0.0
1770900369.9036803,0.0,0.0,0.0
1770900369.9087725,0.0,0.0,0.0
1770900369.9138663,0.0,0.0,0.0
1770900369.918927,0.0,0.0,0.0
1770900369.9240177,0.0,0.0,0.0
1770900369.9291108,0.0,0.0,0.0
1770900369.934192,0.0,0.0,0.0
1770900369.9392734,0.0,0.0,0.0
1770900369.9443402,0.0,0.0,0.0
1770900369.9493976,0.0,0.0,0.0
1770900369.954455,0.0,0.0,0.0
1770900369.9595454,0.0,0.0,0.0
1770900369.9646378,0.0,0.0,0.0
1770900369.9697416,0.0,0.0,0.0
1770900369.9748425,0.0,0.0,0.0
1770900369.9799347,0.0,0.0,0.0
1770900369.985026,0.0,0.0,0.0
1770900369.990117,0.0,0.0,0.0
1770900369.9951787,0.0,0.0,0.0
1770900370.0002394,0.0,0.0,0.0
1770900370.0053308,0.0,0.0,0.0
1770900370.0104208,0.0,0.0,0.0
1770900370.01548,0.0,0.0,0.0
1770900370.0205374,0.0,0.0,0.0
1770900370.0256066,0.0,0.0,0.0
1770900370.0306737,0.0,0.0,0.0
1770900370.0357678,0.0,0.0,0.0
1770900370.0408564,0.0,0.0,0.0
1770900370.0459259,0.0,0.0,0.0
1770900370.051017,0.0,0.0,0.0
1770900370.0561075,0.0,0.0,0.0
1770900370.0611668,0.0,0.0,0.0
1770900370.0662277,0.0,0.0,0.0
1770900370.0712886,0.0,0.0,0.0
1770900370.0763803,0.0,0.0,0.0
1770900370.0814433,0.0,0.0,0.0
1770900370.0865102,0.0,0.0,0.0
1770900370.091571,0.0,0.0,0.0
1770900370.096629,0.0,0.0,0.0
1770900370.1016862,0.0,0.0,0.0
1770900370.106743,0.0,0.0,0.0
1770900370.1118035,0.0,0.0,0.0
1770900370.1168902,0.0,0.0,0.0
1770900370.121955,0.0,0.0,0.0
1770900370.1270173,0.0,0.0,0.0
1770900370.1320775,0.0,0.0,0.0
1770900370.137169,0.0,0.0,0.0
1770900370.1422606,0.0,0.0,0.0
1770900370.1473508,0.0,0.0,0.0
1770900370.1524112,0.0,0.0,0.0
1770900370.1575015,0.0,0.0,0.0
1770900370.162592,0.0,0.0,0.0
1770900370.1676834,0.0,0.0,0.0
1770900370.1727762,0.0,0.0,0.0
1770900370.1778667,0.0,0.0,0.0
1770900370.1829574,0.0,0.0,0.0
1770900370.1880488,0.0,0.0,0.0
1770900370.1931453,0.0,0.0,0.0
1770900370.1982398,0.0,0.0,0.0
1770900370.203331,0.0,0.0,0.0
1770900370.2084332,0.0,0.0,0.0
1770900370.213548,0.0,0.0,0.0
1770900370.2186382,0.0,0.0,0.0
1770900370.223728,0.0,0.0,0.0
1770900370.2288,0.0,0.0,0.0
1770900370.2338388,0.0,0.0,0.0
1770900370.238869,0.0,0.0,0.0
1770900370.243946,0.0,0.0,0.0
1770900370.249007,0.0,0.0,0.0
1770900370.2540677,0.0,0.0,0.0
1770900370.259169,0.0,0.0,0.0
1770900370.264269,0.0,0.0,0.0
1770900370.2693377,0.0,0.0,0.0
1770900370.2743993,0.0,0.0,0.0
1770900370.2794929,0.0,0.0,0.0
1770900370.2845545,0.0,0.0,0.0
1770900370.2896457,0.0,0.0,0.0
1770900370.2947454,0.0,0.0,0.0
1770900370.2998366,0.0,0.0,0.0
1770900370.304898,0.0,0.0,0.0
1770900370.3099597,0.0,0.0,0.0
1770900370.3150277,0.0,0.0,0.0
1770900370.3200996,0.0,0.0,0.0
1770900370.3251646,0.0,0.0,0.0
1770900370.330223,0.0,0.0,0.0
1770900370.335283,0.0,0.0,0.0
1770900370.34034,0.0,0.0,0.0
1770900370.3454165,0.0,0.0,0.0
1770900370.3504739,0.0,0.0,0.0
1770900370.3555446,0.0,0.0,0.0
1770900370.3606107,0.0,0.0,0.0
1770900370.365671,0.0,0.0,0.0
1770900370.3707287,0.0,0.0,0.0
1770900370.375786,0.0,0.0,0.0
1770900370.3808217,0.0,0.0,0.0
1770900370.3858814,0.0,0.0,0.0
1770900370.390938,0.0,0.0,0.0
1770900370.3959951,0.0,0.0,0.0
1770900370.4010537,0.0,0.0,0.0
1770900370.4061453,0.0,0.0,0.0
1770900370.4112563,0.0,0.0,0.0
1770900370.4163272,0.0,0.0,0.0
1770900370.4214249,0.0,0.0,0.0
1770900370.4265168,0.0,0.0,0.0
1770900370.4316072,0.0,0.0,0.0
1770900370.4367006,0.0,0.0,0.0
1770900370.4417953,0.0,0.0,0.0
1770900370.4468665,0.0,0.0,0.0
1770900370.4519348,0.0,0.0,0.0
1770900370.4569957,0.0,0.0,0.0
1770900370.4620557,0.0,0.0,0.0
1770900370.4671552,0.0,0.0,0.0
1770900370.4722288,0.0,0.0,0.0
1770900370.4772894,0.0,0.0,0.0
1770900370.4823587,0.0,0.0,0.0
1770900370.4874182,0.0,0.0,0.0
1770900370.4925082,0.0,0.0,0.0
1770900370.4976044,0.0,0.0,0.0
1770900370.5026655,0.0,0.0,0.0
1770900370.5077705,0.0,0.0,0.0
1770900370.5128727,0.0,0.0,0.0
1770900370.5179346,0.0,0.0,0.0
1770900370.5229955,0.0,0.0,0.0
1770900370.5280585,0.0,0.0,0.0
1770900370.5331507,0.0,0.0,0.0
1770900370.5382419,0.0,0.0,0.0
1770900370.543344,0.0,0.0,0.0
1770900370.5484338,0.0,0.0,0.0
1770900370.553525,0.0,0.0,0.0
1770900370.5586329,0.0,0.0,0.0
1770900370.5637052,0.0,0.0,0.0
1770900370.568797,0.0,0.0,0.0
1770900370.573871,0.0,0.0,0.0
1770900370.578933,0.0,0.0,0.0
1770900370.5839927,0.0,0.0,0.0
1770900370.589053,0.0,0.0,0.0
1770900370.5941133,0.0,0.0,0.0
1770900370.5991745,0.0,0.0,0.0
1770900370.6042645,0.0,0.0,0.0
1770900370.609356,0.0,0.0,0.0
1770900370.6144202,0.0,0.0,0.0
1770900370.6194909,0.0,0.0,0.0
1770900370.6245537,0.0,0.0,0.0
1770900370.629614,0.0,0.0,0.0
1770900370.6346753,0.0,0.0,0.0
1770900370.6397355,0.0,0.0,0.0
1770900370.6448336,0.0,0.0,0.0
1770900370.6498978,0.0,0.0,0.0
1770900370.6549578,0.0,0.0,0.0
1770900370.6600182,0.0,0.0,0.0
1770900370.665079,0.0,0.0,0.0
1770900370.67017,0.0,0.0,0.0
1770900370.6752617,0.0,0.0,0.0
1770900370.680354,0.0,0.0,0.0
1770900370.6854444,0.0,0.0,0.0
1770900370.690534,0.0,0.0,0.0
1770900370.6956265,0.0,0.0,0.0
1770900370.7006953,0.0,0.0,0.0
1770900370.7057898,0.0,0.0,0.0
1770900370.710857,0.0,0.0,0.0
1770900370.7159235,0.0,0.0,0.0
1770900370.7209833,0.0,0.0,0.0
1770900370.7260737,0.0,0.0,0.0
1770900370.731182,0.0,0.0,0.0
1770900370.736281,0.0,0.0,0.0
1770900370.7413712,0.0,0.0,0.0
1770900370.7464645,0.0,0.0,0.0
1770900370.7515545,0.0,0.0,0.0
1770900370.75665,0.0,0.0,0.0
1770900370.7617402,0.0,0.0,0.0
1770900370.7668324,0.0,0.0,0.0
1770900370.771901,0.0,0.0,0.0
1770900370.7769623,0.0,0.0,0.0
1770900370.7820222,0.0,0.0,0.0
1770900370.787126,0.0,0.0,0.0
1770900370.792194,0.0,0.0,0.0
1770900370.7972543,0.0,0.0,0.0
1770900370.8023138,0.0,0.0,0.0
1770900370.8073752,0.0,0.0,0.0
1770900370.8124337,0.0,0.0,0.0
1770900370.8175237,0.0,0.0,0.0
1770900370.8226142,0.0,0.0,0.0
1770900370.8277054,0.0,0.0,0.0
1770900370.8327725,0.0,0.0,0.0
1770900370.8378735,0.0,0.0,0.0
1770900370.8429859,0.0,0.0,0.0
1770900370.848079,0.0,0.0,0.0
1770900370.8531408,0.0,0.0,0.0
1770900370.8582022,0.0,0.0,0.0
1770900370.863263,0.0,0.0,0.0
1770900370.8683243,0.0,0.0,0.0
1770900370.8734076,0.0,0.0,0.0
1770900370.8785088,0.0,0.0,0.0
1770900370.8835998,0.0,0.0,0.0
1770900370.888689,0.0,0.0,0.0
1770900370.89375,0.0,0.0,0.0
1770900370.898807,0.0,0.0,0.0
1770900370.903823,0.0,0.0,0.0
1770900370.9088814,0.0,0.0,0.0
1770900370.9139376,0.0,0.0,0.0
1770900370.919,0.0,0.0,0.0
1770900370.9240584,0.0,0.0,0.0
1770900370.9291232,0.0,0.0,0.0
1770900370.9341872,0.0,0.0,0.0
1770900370.9392483,0.0,0.0,0.0
1770900370.944309,0.0,0.0,0.0
1770900370.9493694,0.0,0.0,0.0
1770900370.9544609,0.0,0.0,0.0
1770900370.9595516,0.0,0.0,0.0
1770900370.9646416,0.0,0.0,0.0
1770900370.969731,0.0,0.0,0.0
1770900370.9748244,0.0,0.0,0.0
1770900370.9798872,0.0,0.0,0.0
1770900370.9849582,0.0,0.0,0.0
1770900370.9900248,0.0,0.0,0.0
1770900370.995084,0.0,0.0,0.0
1770900371.0001433,0.0,0.0,0.0
1770900371.0052001,0.0,0.0,0.0
1770900371.0102563,0.0,0.0,0.0
1770900371.0153131,0.0,0.0,0.0
1770900371.0203705,0.0,0.0,0.0
1770900371.0254648,0.0,0.0,0.0
1770900371.0305357,0.0,0.0,0.0
1770900371.0355952,0.0,0.0,0.0
1770900371.0406537,0.0,0.0,0.0
1770900371.045713,0.0,0.0,0.0
1770900371.0507824,0.0,0.0,0.0
1770900371.055838,0.0,0.0,0.0
1770900371.0608974,0.0,0.0,0.0
1770900371.0659575,0.0,0.0,0.0
1770900371.0710187,0.0,0.0,0.0
1770900371.076078,0.0,0.0,0.0
1770900371.0811422,0.0,0.0,0.0
1770900371.0862083,0.0,0.0,0.0
1770900371.091268,0.0,0.0,0.0
1770900371.0963254,0.0,0.0,0.0
1770900371.1013834,0.0,0.0,0.0
1770900371.1064405,0.0,0.0,0.0
1770900371.1114984,0.0,0.0,0.0
1770900371.1165862,0.0,0.0,0.0
1770900371.1216848,0.0,0.0,0.0
1770900371.12675,0.0,0.0,0.0
1770900371.1318111,0.0,0.0,0.0
1770900371.1368885,0.0,0.0,0.0
1770900371.1419513,0.0,0.0,0.0
1770900371.147013,0.0,0.0,0.0
1770900371.1520731,0.0,0.0,0.0
1770900371.1571639,0.0,0.0,0.0
1770900371.1622553,0.0,0.0,0.0
1770900371.1673167,0.0,0.0,0.0
1770900371.1723764,0.0,0.0,0.0
1770900371.177466,0.0,0.0,0.0
1770900371.182524,0.0,0.0,0.0
1770900371.1875837,0.0,0.0,0.0
1770900371.1926441,0.0,0.0,0.0
1770900371.1977022,0.0,0.0,0.0
1770900371.2027597,0.0,0.0,0.0
1770900371.2078235,0.0,0.0,0.0
1770900371.2128806,0.0,0.0,0.0
1770900371.2179368,0.0,0.0,0.0
1770900371.2230456,0.0,0.0,0.0
1770900371.2281365,0.0,0.0,0.0
1770900371.2332263,0.0,0.0,0.0
1770900371.238314,0.0,0.0,0.0
1770900371.2434134,0.0,0.0,0.0
1770900371.248505,0.0,0.0,0.0
1770900371.253596,0.0,0.0,0.0
1770900371.2586873,0.0,0.0,0.0
1770900371.2637913,0.0,0.0,0.0
1770900371.2688591,0.0,0.0,0.0
1770900371.2739203,0.0,0.0,0.0
1770900371.2789803,0.0,0.0,0.0
1770900371.2840705,0.0,0.0,0.0
1770900371.289161,0.0,0.0,0.0
1770900371.2942212,0.0,0.0,0.0
1770900371.2993112,0.0,0.0,0.0
1770900371.304371,0.0,0.0,0.0
1770900371.3094616,0.0,0.0,0.0
1770900371.314556,0.0,0.0,0.0
1770900371.3196511,0.0,0.0,0.0
1770900371.3247144,0.0,0.0,0.0
1770900371.329819,0.0,0.0,0.0
1770900371.3348649,0.0,0.0,0.0
1770900371.3399262,0.0,0.0,0.0
1770900371.344988,0.0,0.0,0.0
1770900371.3500483,0.0,0.0,0.0
1770900371.3551419,0.0,0.0,0.0
1770900371.3602033,0.0,0.0,0.0
1770900371.3652964,0.0,0.0,0.0
1770900371.3703578,0.0,0.0,0.0
1770900371.3754256,0.0,0.0,0.0
1770900371.3804896,0.0,0.0,0.0
1770900371.3855512,0.0,0.0,0.0
1770900371.390613,0.0,0.0,0.0
1770900371.3957036,0.0,0.0,0.0
1770900371.4007618,0.0,0.0,0.0
1770900371.405823,0.0,0.0,0.0
1770900371.410885,0.0,0.0,0.0
1770900371.415979,0.0,0.0,0.0
1770900371.421055,0.0,0.0,0.0
1770900371.4261463,0.0,0.0,0.0
1770900371.431239,0.0,0.0,0.0
1770900371.4363027,0.0,0.0,0.0
1770900371.4413657,0.0,0.0,0.0
1770900371.4464266,0.0,0.0,0.0
1770900371.4515252,0.0,0.0,0.0
1770900371.456616,0.0,0.0,0.0
1770900371.4617054,0.0,0.0,0.0
1770900371.4667985,0.0,0.0,0.0
1770900371.4718826,0.0,0.0,0.0
1770900371.4769533,0.0,0.0,0.0
1770900371.4820142,0.0,0.0,0.0
1770900371.4871051,0.0,0.0,0.0
1770900371.4921656,0.0,0.0,0.0
1770900371.4972553,0.0,0.0,0.0
1770900371.5023227,0.0,0.0,0.0
1770900371.507383,0.0,0.0,0.0
1770900371.5124757,0.0,0.0,0.0
1770900371.5175667,0.0,0.0,0.0
1770900371.5226626,0.0,0.0,0.0
1770900371.527776,0.0,0.0,0.0
1770900371.5328212,0.0,0.0,0.0
1770900371.5378551,0.0,0.0,0.0
1770900371.5428712,0.0,0.0,0.0
1770900371.5479321,0.0,0.0,0.0
1770900371.5529926,0.0,0.0,0.0
1770900371.558063,0.0,0.0,0.0
1770900371.5631275,0.0,0.0,0.0
1770900371.5682204,0.0,0.0,0.0
1770900371.573318,0.0,0.0,0.0
1770900371.578408,0.0,0.0,0.0
1770900371.5834973,0.0,0.0,0.0
1770900371.588588,0.0,0.0,0.0
1770900371.5936782,0.0,0.0,0.0
1770900371.5987706,0.0,0.0,0.0
1770900371.6038582,0.0,0.0,0.0
1770900371.6089435,0.0,0.0,0.0
1770900371.6140141,0.0,0.0,0.0
1770900371.6190755,0.0,0.0,0.0
1770900371.6241362,0.0,0.0,0.0
1770900371.6292264,0.0,0.0,0.0
1770900371.6343184,0.0,0.0,0.0
1770900371.639409,0.0,0.0,0.0
1770900371.644501,0.0,0.0,0.0
1770900371.6495996,0.0,0.0,0.0
1770900371.6546965,0.0,0.0,0.0
1770900371.65982,0.0,0.0,0.0
1770900371.6649017,0.0,0.0,0.0
1770900371.6699696,0.0,0.0,0.0
1770900371.6750305,0.0,0.0,0.0
1770900371.680091,0.0,0.0,0.0
1770900371.6851509,0.0,0.0,0.0
1770900371.6902115,0.0,0.0,0.0
1770900371.695271,0.0,0.0,0.0
1770900371.700331,0.0,0.0,0.0
1770900371.7053914,0.0,0.0,0.0
1770900371.7104826,0.0,0.0,0.0
1770900371.715583,0.0,0.0,0.0
1770900371.720674,0.0,0.0,0.0
1770900371.72577,0.0,0.0,0.0
1770900371.7308552,0.0,0.0,0.0
1770900371.7359488,0.0,0.0,0.0
1770900371.7410388,0.0,0.0,0.0
1770900371.7460973,0.0,0.0,0.0
1770900371.7511914,0.0,0.0,0.0
1770900371.7562819,0.0,0.0,0.0
1770900371.7613406,0.0,0.0,0.0
1770900371.7664306,0.0,0.0,0.0
1770900371.771521,0.0,0.0,0.0
1770900371.776585,0.0,0.0,0.0
1770900371.7816775,0.0,0.0,0.0
1770900371.786759,0.0,0.0,0.0
1770900371.7918577,0.0,0.0,0.0
1770900371.796919,0.0,0.0,0.0
1770900371.801979,0.0,0.0,0.0
1770900371.8070407,0.0,0.0,0.0
1770900371.8121026,0.0,0.0,0.0
1770900371.8171635,0.0,0.0,0.0
1770900371.8222272,0.0,0.0,0.0
1770900371.8272939,0.0,0.0,0.0
1770900371.83236,0.0,0.0,0.0
1770900371.8374236,0.0,0.0,0.0
1770900371.842501,0.0,0.0,0.0
1770900371.8475847,0.0,0.0,0.0
1770900371.852648,0.0,0.0,0.0
1770900371.8577096,0.0,0.0,0.0
1770900371.8627784,0.0,0.0,0.0
1770900371.8678253,0.0,0.0,0.0
1770900371.8728924,0.0,0.0,0.0
1770900371.8779569,0.0,0.0,0.0
1770900371.883022,0.0,0.0,0.0
1770900371.8880908,0.0,0.0,0.0
1770900371.8931546,0.0,0.0,0.0
1770900371.8982491,0.0,0.0,0.0
1770900371.9033241,0.0,0.0,0.0
1770900371.9083881,0.0,0.0,0.0
1770900371.9134493,0.0,0.0,0.0
1770900371.9185128,0.0,0.0,0.0
1770900371.9236116,0.0,0.0,0.0
1770900371.9287038,0.0,0.0,0.0
1770900371.9338229,0.0,0.0,0.0
1770900371.938889,0.0,0.0,0.0
1770900371.9444485,0.0,0.0,0.0
1770900371.9507961,0.0,0.0,0.0
1770900371.955821,0.0,0.0,0.0
1770900372.1529377,0.0,0.0,0.0
1770900372.158005,0.0,0.0,0.0
1770900372.1631017,0.0,0.0,0.0
1770900372.1686296,0.0,0.0,0.0
1770900372.1737242,0.0,0.0,0.0
1770900372.179586,0.0,0.0,0.0
1770900372.1853907,0.0,0.0,0.0
1770900372.2027597,0.0,0.0,0.0
1770900372.2078588,0.0,0.0,0.0
1770900372.2131727,0.0,0.0,0.0
1770900372.2182403,0.0,0.0,0.0
1770900372.2234135,0.0,0.0,0.0
1770900372.2335916,0.0,0.0,0.0
1770900372.2428305,0.0,0.0,0.0
1770900372.2481487,0.0,0.0,0.0
1770900372.254304,0.0,0.0,0.0
1770900372.260059,0.0,0.0,0.0
1770900372.2654233,0.0,0.0,0.0
1770900372.271597,0.0,0.0,0.0
1770900372.2767427,0.0,0.0,0.0
1770900372.28237,0.0,0.0,0.0
1770900372.287433,0.0,0.0,0.0
1770900372.2925966,0.0,0.0,0.0
1770900372.2976992,0.0,0.0,0.0
1770900372.3028035,0.0,0.0,0.0
1770900372.3078926,0.0,0.0,0.0
1770900372.3136935,0.0,0.0,0.0
1770900372.3187816,0.0,0.0,0.0
1770900372.3247302,0.0,0.0,0.0
1770900372.3299775,0.0,0.0,0.0
1770900372.3351448,0.0,0.0,0.0
1770900372.3452675,0.0,0.0,0.0
1770900372.3553886,0.0,0.0,0.0
1770900372.3604865,0.0,0.0,0.0
1770900372.367539,0.0,0.0,0.0
1770900372.372693,0.0,0.0,0.0
1770900372.3779738,0.0,0.0,0.0
1770900372.3831773,0.0,0.0,0.0
1770900372.3890958,0.0,0.0,0.0
1770900372.3948853,0.0,0.0,0.0
1770900372.4032996,0.0,0.0,0.0
1770900372.4086607,0.0,0.0,0.0
1770900372.4143896,0.0,0.0,0.0
1770900372.4316897,0.0,0.0,0.0
1770900372.4388585,0.0,0.0,0.0
1770900372.445405,0.0,0.0,0.0
1770900372.455586,0.0,0.0,0.0
1770900372.4609344,0.0,0.0,0.0
1770900372.4663138,0.0,0.0,0.0
1770900372.4714737,0.0,0.0,0.0
1770900372.4765365,0.0,0.0,0.0
1770900372.481597,0.0,0.0,0.0
1770900372.4867234,0.0,0.0,0.0
1770900372.49182,0.0,0.0,0.0
1770900372.4968724,0.0,0.0,0.0
1770900372.5021875,0.0,0.0,0.0
1770900372.5082371,0.0,0.0,0.0
1770900372.5132992,0.0,0.0,0.0
1770900372.5185263,0.0,0.0,0.0
1770900372.523889,0.0,0.0,0.0
1770900372.5296946,0.0,0.0,0.0
1770900372.536681,0.0,0.0,0.0
1770900372.5436072,0.0,0.0,0.0
1770900372.5497572,0.0,0.0,0.0
1770900372.555129,0.0,0.0,0.0
1770900372.560722,0.0,0.0,0.0
1770900372.566629,0.0,0.0,0.0
1770900372.5756211,0.0,0.0,0.0
1770900372.581602,0.0,0.0,0.0
1770900372.5891316,0.0,0.0,0.0
1770900372.5954309,0.0,0.0,0.0
1770900372.6009674,0.0,0.0,0.0
1770900372.607993,0.0,0.0,0.0
1770900372.6135728,0.0,0.0,0.0
1770900372.619213,0.0,0.0,0.0
1770900372.624745,0.0,0.0,0.0
1770900372.634949,0.0,0.0,0.0
1770900372.6451788,0.0,0.0,0.0
1770900372.6548033,0.0,0.0,0.0
1770900372.66029,0.0,0.0,0.0
1770900372.6668968,0.0,0.0,0.0
1770900372.6754434,0.0,0.0,0.0
1770900372.6856396,0.0,0.0,0.0
1770900372.6911678,0.0,0.0,0.0
1770900372.6963868,0.0,0.0,0.0
1770900372.7015004,0.0,0.0,0.0
1770900372.7115498,0.0,0.0,0.0
1770900372.7218199,0.0,0.0,0.0
1770900372.7320135,0.0,0.0,0.0
1770900372.7421448,0.0,0.0,0.0
1770900372.75227,0.0,0.0,0.0
1770900372.7624278,0.0,0.0,0.0
1770900372.772582,0.0,0.0,0.0
1770900372.7808151,0.0,0.0,0.0
1770900372.7860005,0.0,0.0,0.0
1770900372.791068,0.0,0.0,0.0
1770900372.7962265,0.0,0.0,0.0
1770900372.8298907,0.0,0.0,0.0
1770900372.8353336,0.0,0.0,0.0
1770900372.8405027,0.0,0.0,0.0
1770900372.845594,0.0,0.0,0.0
1770900372.8514085,0.0,0.0,0.0
1770900372.8565571,0.0,0.0,0.0
1770900372.8623602,0.0,0.0,0.0
1770900372.8677387,0.0,0.0,0.0
1770900372.8730178,0.0,0.0,0.0
1770900372.8797133,0.0,0.0,0.0
1770900372.8852615,0.0,0.0,0.0
1770900372.8913991,0.0,0.0,0.0
1770900372.8966663,0.0,0.0,0.0
1770900372.901765,0.0,0.0,0.0
1770900372.908031,0.0,0.0,0.0
1770900372.9131587,0.0,0.0,0.0
1770900372.921412,0.0,0.0,0.0
1770900372.927543,0.0,0.0,0.0
1770900372.9326353,0.0,0.0,0.0
1770900372.9384398,0.0,0.0,0.0
1770900372.9436042,0.0,0.0,0.0
1770900372.949137,0.0,0.0,0.0
1770900372.9595659,0.0,0.0,0.0
1770900372.9647915,0.0,0.0,0.0
1770900372.9714067,0.0,0.0,0.0
1770900372.9764779,0.0,0.0,0.0
1770900372.982448,0.0,0.0,0.0
1770900372.9875407,0.0,0.0,0.0
1770900372.9926324,0.0,0.0,0.0
1770900372.9978342,0.0,0.0,0.0
1770900373.002952,0.0,0.0,0.0
1770900373.008042,0.0,0.0,0.0
1770900373.0132022,0.0,0.0,0.0
1770900373.0182803,0.0,0.0,0.0
1770900373.0233972,0.0,0.0,0.0
1770900373.0702426,0.0,0.0,0.0
1770900373.0753934,0.0,0.0,0.0
1770900373.0846338,0.0,0.0,0.0
1770900373.089726,0.0,0.0,0.0
1770900373.0988069,0.0,0.0,0.0
1770900373.1067672,0.0,0.0,0.0
1770900373.1119945,0.0,0.0,0.0
1770900373.1171026,0.0,0.0,0.0
1770900373.124771,0.0,0.0,0.0
1770900373.134931,0.0,0.0,0.0
1770900373.1422472,0.0,0.0,0.0
1770900373.1481187,0.0,0.0,0.0
1770900373.153747,0.0,0.0,0.0
1770900373.16116,0.0,0.0,0.0
1770900373.1693914,0.0,0.0,0.0
1770900373.1796699,0.0,0.0,0.0
1770900373.185039,0.0,0.0,0.0
1770900373.1916401,0.0,0.0,0.0
1770900373.1988125,0.0,0.0,0.0
1770900373.2054322,0.0,0.0,0.0
1770900373.211688,0.0,0.0,0.0
1770900373.2169065,0.0,0.0,0.0
1770900373.221969,0.0,0.0,0.0
1770900373.2270508,0.0,0.0,0.0
1770900373.2321687,0.0,0.0,0.0
1770900373.237307,0.0,0.0,0.0
1770900373.2446418,0.0,0.0,0.0
1770900373.2497633,0.0,0.0,0.0
1770900373.2574453,0.0,0.0,0.0
1770900373.2625597,0.0,0.0,0.0
1770900373.2686887,0.0,0.0,0.0
1770900373.2744842,0.0,0.0,0.0
1770900373.281778,0.0,0.0,0.0
1770900373.2921984,0.0,0.0,0.0
1770900373.300516,0.0,0.0,0.0
1770900373.3076856,0.0,0.0,0.0
1770900373.3127875,0.0,0.0,0.0
1770900373.3183987,0.0,0.0,0.0
1770900373.3241258,0.0,0.0,0.0
1770900373.3342478,0.0,0.0,0.0
1770900373.3405395,0.0,0.0,0.0
1770900373.349051,0.0,0.0,0.0
1770900373.3542268,0.0,0.0,0.0
1770900373.3596573,0.0,0.0,0.0
1770900373.3698096,0.0,0.0,0.0
1770900373.3799658,0.0,0.0,0.0
1770900373.387407,0.0,0.0,0.0
1770900373.3932838,0.0,0.0,0.0
1770900373.3983462,0.0,0.0,0.0
1770900373.403577,0.0,0.0,0.0
1770900373.4086585,0.0,0.0,0.0
1770900373.4141564,0.0,0.0,0.0
1770900373.4195614,0.0,0.0,0.0
1770900373.4247127,0.0,0.0,0.0
1770900373.4800944,0.0,0.0,0.0
1770900373.4856706,0.0,0.0,0.0
1770900373.490818,0.0,0.0,0.0
1770900373.496471,0.0,0.0,0.0
1770900373.5016694,0.0,0.0,0.0
1770900373.5088007,0.0,0.0,0.0
1770900373.51449,0.0,0.0,0.0
1770900373.519631,0.0,0.0,0.0
1770900373.5247545,0.0,0.0,0.0
1770900373.530689,0.0,0.0,0.0
1770900373.5357766,0.0,0.0,0.0
1770900373.5410793,0.0,0.0,0.0
1770900373.5463867,0.0,0.0,0.0
1770900373.5530908,0.0,0.0,0.0
1770900373.5591147,0.0,0.0,0.0
1770900373.5651078,0.0,0.0,0.0
1770900373.5703933,0.0,0.0,0.0
1770900373.5759482,0.0,0.0,0.0
1770900373.581069,0.0,0.0,0.0
1770900373.5869563,0.0,0.0,0.0
1770900373.5934298,0.0,0.0,0.0
1770900373.598631,0.0,0.0,0.0
1770900373.6088197,0.0,0.0,0.0
1770900373.6141264,0.0,0.0,0.0
1770900373.6208296,0.0,0.0,0.0
1770900373.6260433,0.0,0.0,0.0
1770900373.631194,0.0,0.0,0.0
1770900373.6365104,0.0,0.0,0.0
1770900373.6416862,0.0,0.0,0.0
1770900373.647076,0.0,0.0,0.0
1770900373.6525366,0.0,0.0,0.0
1770900373.6578224,0.0,0.0,0.0
1770900373.66314,0.0,0.0,0.0
1770900373.6682713,0.0,0.0,0.0
1770900373.6734667,0.0,0.0,0.0
1770900373.6787367,0.0,0.0,0.0
1770900373.6838958,0.0,0.0,0.0
1770900373.689104,0.0,0.0,0.0
1770900373.6941683,0.0,0.0,0.0
1770900373.6994166,0.0,0.0,0.0
1770900373.7049742,0.0,0.0,0.0
1770900373.7103593,0.0,0.0,0.0
1770900373.7157743,0.0,0.0,0.0
1770900373.7215958,0.0,0.0,0.0
1770900373.7267766,0.0,0.0,0.0
1770900373.7319043,0.0,0.0,0.0
1770900373.737219,0.0,0.0,0.0
1770900373.7424927,0.0,0.0,0.0
1770900373.7477067,0.0,0.0,0.0
1770900373.7531486,0.0,0.0,0.0
1770900373.7585268,0.0,0.0,0.0
1770900373.7636344,0.0,0.0,0.0
1770900373.768703,0.0,0.0,0.0
1770900373.7738476,0.0,0.0,0.0
1770900373.7792854,0.0,0.0,0.0
1770900373.7845893,0.0,0.0,0.0
1770900373.7897117,0.0,0.0,0.0
1770900373.794977,0.0,0.0,0.0
1770900373.8003185,0.0,0.0,0.0
1770900373.805385,0.0,0.0,0.0
1770900373.8139155,0.0,0.0,0.0
1770900373.81898,0.0,0.0,0.0
1770900373.8244014,0.0,0.0,0.0
1770900373.8300922,0.0,0.0,0.0
1770900373.8356278,0.0,0.0,0.0
1770900373.8410223,0.0,0.0,0.0
1770900373.8463094,0.0,0.0,0.0
1770900373.8514154,0.0,0.0,0.0
1770900373.856777,0.0,0.0,0.0
1770900373.8619711,0.0,0.0,0.0
1770900373.8677444,0.0,0.0,0.0
1770900373.8728418,0.0,0.0,0.0
1770900373.8779879,0.0,0.0,0.0
1770900373.8830478,0.0,0.0,0.0
1770900373.8884175,0.0,0.0,0.0
1770900373.8935173,0.0,0.0,0.0
1770900373.8997176,0.0,0.0,0.0
1770900373.904953,0.0,0.0,0.0
1770900373.910246,0.0,0.0,0.0
1770900373.9154007,0.0,0.0,0.0
1770900373.9206865,0.0,0.0,0.0
1770900373.925872,0.0,0.0,0.0
1770900373.9314735,0.0,0.0,0.0
1770900373.9365783,0.0,0.0,0.0
1770900373.9416702,0.0,0.0,0.0
1770900373.9468408,0.0,0.0,0.0
1770900373.9519384,0.0,0.0,0.0
1770900373.9570055,0.0,0.0,0.0
1770900373.962242,0.0,0.0,0.0
1770900373.9676805,0.0,0.0,0.0
1770900373.9728444,0.0,0.0,0.0
1770900373.9779277,0.0,0.0,0.0
1770900373.9830127,0.0,0.0,0.0
1770900373.9882848,0.0,0.0,0.0
1770900373.994261,0.0,0.0,0.0
1770900374.0034697,0.0,0.0,0.0
1770900374.0086987,0.0,0.0,0.0
1770900374.0143921,0.0,0.0,0.0
1770900374.0201876,0.0,0.0,0.0
1770900374.0254307,0.0,0.0,0.0
1770900374.0305753,0.0,0.0,0.0
1770900374.0407553,0.0,0.0,0.0
1770900374.046763,0.0,0.0,0.0
1770900374.0522492,0.0,0.0,0.0
1770900374.0587742,0.0,0.0,0.0
1770900374.0649214,0.0,0.0,0.0
1770900374.0700538,0.0,0.0,0.0
1770900374.0776656,0.0,0.0,0.0
1770900374.082851,0.0,0.0,0.0
1770900374.0879104,0.0,0.0,0.0
1770900374.0949376,0.0,0.0,0.0
1770900374.1029155,0.0,0.0,0.0
1770900374.1080956,0.0,0.0,0.0
1770900374.1168303,0.0,0.0,0.0
1770900374.1219926,0.0,0.0,0.0
1770900374.1329148,0.0,0.0,0.0
1770900374.140932,0.0,0.0,0.0
1770900374.1471193,0.0,0.0,0.0
1770900374.152177,0.0,0.0,0.0
1770900374.1572483,0.0,0.0,0.0
1770900374.163337,0.0,0.0,0.0
1770900374.168678,0.0,0.0,0.0
1770900374.1738942,0.0,0.0,0.0
1770900374.179742,0.0,0.0,0.0
1770900374.1852639,0.0,0.0,0.0
1770900374.1907887,0.0,0.0,0.0
1770900374.1971598,0.0,0.0,0.0
1770900374.2027633,0.0,0.0,0.0
1770900374.2080283,0.0,0.0,0.0
1770900374.2131052,0.0,0.0,0.0
1770900374.2194464,0.0,0.0,0.0
1770900374.2246761,0.0,0.0,0.0
1770900374.2297485,0.0,0.0,0.0
1770900374.2349343,0.0,0.0,0.0
1770900374.2450616,0.0,0.0,0.0
1770900374.255422,0.0,0.0,0.0
1770900374.2655997,0.0,0.0,0.0
1770900374.2757854,0.0,0.0,0.0
1770900374.285999,0.0,0.0,0.0
1770900374.2920053,0.0,0.0,0.0
1770900374.3012943,0.0,0.0,0.0
1770900374.3856533,0.0,0.0,0.0
1770900374.3957946,0.0,0.0,0.0
1770900374.4020247,0.0,0.0,0.0
1770900374.4074125,0.0,0.0,0.0
1770900374.4129314,0.0,0.0,0.0
1770900374.4233851,0.0,0.0,0.0
1770900374.4290335,0.0,0.0,0.0
1770900374.4354537,0.0,0.0,0.0
1770900374.440638,0.0,0.0,0.0
1770900374.4459634,0.0,0.0,0.0
1770900374.451128,0.0,0.0,0.0
1770900374.4568763,0.0,0.0,0.0
1770900374.4670541,0.0,0.0,0.0
1770900374.4722166,0.0,0.0,0.0
1770900374.482176,0.0,0.0,0.0
1770900374.4872913,0.0,0.0,0.0
1770900374.49269,0.0,0.0,0.0
1770900374.4978714,0.0,0.0,0.0
1770900374.5032663,0.0,0.0,0.0
1770900374.5084674,0.0,0.0,0.0
1770900374.517579,0.0,0.0,0.0
1770900374.5277102,0.0,0.0,0.0
1770900374.533378,0.0,0.0,0.0
1770900374.5400076,0.0,0.0,0.0
1770900374.545255,0.0,0.0,0.0
1770900374.552738,0.0,0.0,0.0
1770900374.561672,0.0,0.0,0.0
1770900374.567297,0.0,0.0,0.0
1770900374.574051,0.0,0.0,0.0
1770900374.5806332,0.0,0.0,0.0
1770900374.5860443,0.0,0.0,0.0
1770900374.591109,0.0,0.0,0.0
1770900374.5961854,0.0,0.0,0.0
1770900374.6013966,0.0,0.0,0.0
1770900374.606628,0.0,0.0,0.0
1770900374.6119063,0.0,0.0,0.0
1770900374.6172695,0.0,0.0,0.0
1770900374.6256514,0.0,0.0,0.0
1770900374.630731,0.0,0.0,0.0
1770900374.635795,0.0,0.0,0.0
1770900374.6408587,0.0,0.0,0.0
1770900374.6459227,0.0,0.0,0.0
1770900374.662132,0.0,0.0,0.0
1770900374.6723113,0.0,0.0,0.0
1770900374.6847954,0.0,0.0,0.0
1770900374.693872,0.0,0.0,0.0
1770900374.7002573,0.0,0.0,0.0
1770900374.70532,0.0,0.0,0.0
1770900374.7104118,0.0,0.0,0.0
1770900374.715665,0.0,0.0,0.0
1770900374.7212307,0.0,0.0,0.0
1770900374.7282913,0.0,0.0,0.0
1770900374.7333581,0.0,0.0,0.0
1770900374.7384205,0.0,0.0,0.0
1770900374.7459502,0.0,0.0,0.0
1770900374.7513132,0.0,0.0,0.0
1770900374.7576897,0.0,0.0,0.0
1770900374.7628827,0.0,0.0,0.0
1770900374.7679467,0.0,0.0,0.0
1770900374.7731953,0.0,0.0,0.0
1770900374.7793753,0.0,0.0,0.0
1770900374.7884176,0.0,0.0,0.0
1770900374.7944992,0.0,0.0,0.0
1770900374.800108,0.0,0.0,0.0
1770900374.805171,0.0,0.0,0.0
1770900374.8102376,0.0,0.0,0.0
1770900374.8153136,0.0,0.0,0.0
1770900374.82038,0.0,0.0,0.0
1770900374.8254435,0.0,0.0,0.0
1770900374.830504,0.0,0.0,0.0
1770900374.8355813,0.0,0.0,0.0
1770900374.8406494,0.0,0.0,0.0
1770900374.845752,0.0,0.0,0.0
1770900374.8508186,0.0,0.0,0.0
1770900374.8558908,0.0,0.0,0.0
1770900374.860958,0.0,0.0,0.0
1770900374.866152,0.0,0.0,0.0
1770900374.8712664,0.0,0.0,0.0
1770900374.8763747,0.0,0.0,0.0
1770900374.8814588,0.0,0.0,0.0
1770900374.88656,0.0,0.0,0.0
1770900374.8916686,0.0,0.0,0.0
1770900374.896782,0.0,0.0,0.0
1770900374.901871,0.0,0.0,0.0
1770900374.906932,0.0,0.0,0.0
1770900374.9119997,0.0,0.0,0.0
1770900374.9170923,0.0,0.0,0.0
1770900374.9221544,0.0,0.0,0.0
1770900374.9272287,0.0,0.0,0.0
1770900374.9323123,0.0,0.0,0.0
1770900374.9374254,0.0,0.0,0.0
1770900374.9425297,0.0,0.0,0.0
1770900374.947656,0.0,0.0,0.0
1770900374.9527547,0.0,0.0,0.0
1770900374.9578412,0.0,0.0,0.0
1770900374.9629242,0.0,0.0,0.0
1770900374.968,0.0,0.0,0.0
1770900374.9731002,0.0,0.0,0.0
1770900374.9782224,0.0,0.0,0.0
1770900374.9833183,0.0,0.0,0.0
1770900374.9884324,0.0,0.0,0.0
1770900374.993558,0.0,0.0,0.0
1770900374.998668,0.0,0.0,0.0
1770900375.00374,0.0,0.0,0.0
1770900375.0088198,0.0,0.0,0.0
1770900375.0139039,0.0,0.0,0.0
1770900375.018985,0.0,0.0,0.0
1770900375.0240457,0.0,0.0,0.0
1770900375.029106,0.0,0.0,0.0
1770900375.034193,0.0,0.0,0.0
1770900375.0393221,0.0,0.0,0.0
1770900375.0444167,0.0,0.0,0.0
1770900375.0494936,0.0,0.0,0.0
1770900375.054562,0.0,0.0,0.0
1770900375.0596664,0.0,0.0,0.0
1770900375.064775,0.0,0.0,0.0
1770900375.069825,0.0,0.0,0.0
1770900375.0748878,0.0,0.0,0.0
1770900375.0799768,0.0,0.0,0.0
1770900375.0850651,0.0,0.0,0.0
1770900375.0901506,0.0,0.0,0.0
1770900375.0952222,0.0,0.0,0.0
1770900375.1002862,0.0,0.0,0.0
1770900375.1054227,0.0,0.0,0.0
1770900375.1106064,0.0,0.0,0.0
1770900375.1157448,0.0,0.0,0.0
1770900375.1208866,0.0,0.0,0.0
1770900375.1259732,0.0,0.0,0.0
1770900375.1311011,0.0,0.0,0.0
1770900375.1362064,0.0,0.0,0.0
1770900375.1412983,0.0,0.0,0.0
1770900375.146442,0.0,0.0,0.0
1770900375.1515865,0.0,0.0,0.0
1770900375.1567094,0.0,0.0,0.0
1770900375.161853,0.0,0.0,0.0
1770900375.1669412,0.0,0.0,0.0
1770900375.1720362,0.0,0.0,0.0
1770900375.1771245,0.0,0.0,0.0
1770900375.1822042,0.0,0.0,0.0
1770900375.1872725,0.0,0.0,0.0
1770900375.1923351,0.0,0.0,0.0
1770900375.1973927,0.0,0.0,0.0
1770900375.202451,0.0,0.0,0.0
1770900375.2075098,0.0,0.0,0.0
1770900375.2125697,0.0,0.0,0.0
1770900375.217629,0.0,0.0,0.0
1770900375.2226884,0.0,0.0,0.0
1770900375.2277465,0.0,0.0,0.0
1770900375.232805,0.0,0.0,0.0
1770900375.237864,0.0,0.0,0.0
1770900375.2429252,0.0,0.0,0.0
1770900375.2479868,0.0,0.0,0.0
1770900375.2530506,0.0,0.0,0.0
1770900375.2581215,0.0,0.0,0.0
1770900375.2632003,0.0,0.0,0.0
1770900375.2682724,0.0,0.0,0.0
1770900375.2733433,0.0,0.0,0.0
1770900375.2784162,0.0,0.0,0.0
1770900375.283517,0.0,0.0,0.0
1770900375.2886126,0.0,0.0,0.0
1770900375.2937148,0.0,0.0,0.0
1770900375.2988083,0.0,0.0,0.0
1770900375.3039207,0.0,0.0,0.0
1770900375.3090043,0.0,0.0,0.0
1770900375.3140807,0.0,0.0,0.0
1770900375.3191922,0.0,0.0,0.0
1770900375.324317,0.0,0.0,0.0
1770900375.329411,0.0,0.0,0.0
1770900375.33449,0.0,0.0,0.0
1770900375.3395793,0.0,0.0,0.0
1770900375.34466,0.0,0.0,0.0
1770900375.349752,0.0,0.0,0.0
1770900375.354843,0.0,0.0,0.0
1770900375.359953,0.0,0.0,0.0
1770900375.3650343,0.0,0.0,0.0
1770900375.3701408,0.0,0.0,0.0
1770900375.3752253,0.0,0.0,0.0
1770900375.3803258,0.0,0.0,0.0
1770900375.385397,0.0,0.0,0.0
1770900375.3904953,0.0,0.0,0.0
1770900375.3956034,0.0,0.0,0.0
1770900375.4007406,0.0,0.0,0.0
1770900375.4058232,0.0,0.0,0.0
1770900375.4108956,0.0,0.0,0.0
1770900375.415993,0.0,0.0,0.0
1770900375.4211776,0.0,0.0,0.0
1770900375.426301,0.0,0.0,0.0
1770900375.4314106,0.0,0.0,0.0
1770900375.4364946,0.0,0.0,0.0
1770900375.4415784,0.0,0.0,0.0
1770900375.446646,0.0,0.0,0.0
1770900375.4517202,0.0,0.0,0.0
1770900375.4569075,0.0,0.0,0.0
1770900375.4620059,0.0,0.0,0.0
1770900375.4670832,0.0,0.0,0.0
1770900375.472227,0.0,0.0,0.0
1770900375.4773815,0.0,0.0,0.0
1770900375.4824846,0.0,0.0,0.0
1770900375.48756,0.0,0.0,0.0
1770900375.4926658,0.0,0.0,0.0
1770900375.4977558,0.0,0.0,0.0
1770900375.5028336,0.0,0.0,0.0
1770900375.5079026,0.0,0.0,0.0
1770900375.5129788,0.0,0.0,0.0
1770900375.518056,0.0,0.0,0.0
1770900375.523123,0.0,0.0,0.0
1770900375.5281827,0.0,0.0,0.0
1770900375.533325,0.0,0.0,0.0
1770900375.5384574,0.0,0.0,0.0
1770900375.543537,0.0,0.0,0.0
1770900375.548626,0.0,0.0,0.0
1770900375.5537033,0.0,0.0,0.0
1770900375.5587869,0.0,0.0,0.0
1770900375.5638323,0.0,0.0,0.0
1770900375.5689116,0.0,0.0,0.0
1770900375.5739932,0.0,0.0,0.0
1770900375.579083,0.0,0.0,0.0
1770900375.5841637,0.0,0.0,0.0
1770900375.5892274,0.0,0.0,0.0
1770900375.5942976,0.0,0.0,0.0
1770900375.5993764,0.0,0.0,0.0
1770900375.6044402,0.0,0.0,0.0
1770900375.609505,0.0,0.0,0.0
1770900375.614587,0.0,0.0,0.0
1770900375.6196609,0.0,0.0,0.0
1770900375.624726,0.0,0.0,0.0
1770900375.629802,0.0,0.0,0.0
1770900375.6348238,0.0,0.0,0.0
1770900375.6398826,0.0,0.0,0.0
1770900375.6449602,0.0,0.0,0.0
1770900375.650031,0.0,0.0,0.0
1770900375.6551094,0.0,0.0,0.0
1770900375.6601763,0.0,0.0,0.0
1770900375.6652393,0.0,0.0,0.0
1770900375.6702983,0.0,0.0,0.0
1770900375.6753604,0.0,0.0,0.0
1770900375.6804256,0.0,0.0,0.0
1770900375.6854908,0.0,0.0,0.0
1770900375.690562,0.0,0.0,0.0
1770900375.6956394,0.0,0.0,0.0
1770900375.7007046,0.0,0.0,0.0
1770900375.705766,0.0,0.0,0.0
1770900375.7108207,0.0,0.0,0.0
1770900375.7158859,0.0,0.0,0.0
1770900375.7209458,0.0,0.0,0.0
1770900375.7260077,0.0,0.0,0.0
1770900375.7310739,0.0,0.0,0.0
1770900375.736135,0.0,0.0,0.0
1770900375.7411954,0.0,0.0,0.0
1770900375.7462869,0.0,0.0,0.0
1770900375.75136,0.0,0.0,0.0
1770900375.7564182,0.0,0.0,0.0
1770900375.761476,0.0,0.0,0.0
1770900375.7665412,0.0,0.0,0.0
1770900375.7716098,0.0,0.0,0.0
1770900375.776668,0.0,0.0,0.0
1770900375.7817252,0.0,0.0,0.0
1770900375.7867823,0.0,0.0,0.0
1770900375.7918172,0.0,0.0,0.0
1770900375.7968824,0.0,0.0,0.0
1770900375.801954,0.0,0.0,0.0
1770900375.8070219,0.0,0.0,0.0
1770900375.8120825,0.0,0.0,0.0
1770900375.8171399,0.0,0.0,0.0
1770900375.822197,0.0,0.0,0.0
1770900375.8272543,0.0,0.0,0.0
1770900375.8323119,0.0,0.0,0.0
1770900375.8373704,0.0,0.0,0.0
1770900375.8424287,0.0,0.0,0.0
1770900375.8474917,0.0,0.0,0.0
1770900375.8525481,0.0,0.0,0.0
1770900375.8576107,0.0,0.0,0.0
1770900375.8626704,0.0,0.0,0.0
1770900375.8677268,0.0,0.0,0.0
1770900375.8727832,0.0,0.0,0.0
1770900375.877818,0.0,0.0,0.0
1770900375.8828752,0.0,0.0,0.0
1770900375.8879316,0.0,0.0,0.0
1770900375.8929892,0.0,0.0,0.0
1770900375.8980463,0.0,0.0,0.0
1770900375.9031022,0.0,0.0,0.0
1770900375.9081597,0.0,0.0,0.0
1770900375.913216,0.0,0.0,0.0
1770900375.9182787,0.0,0.0,0.0
1770900375.9233346,0.0,0.0,0.0
1770900375.9284089,0.0,0.0,0.0
1770900375.9334807,0.0,0.0,0.0
1770900375.9385402,0.0,0.0,0.0
1770900375.9435978,0.0,0.0,0.0
1770900375.9486568,0.0,0.0,0.0
1770900375.953714,0.0,0.0,0.0
1770900375.958837,0.0,0.0,0.0
1770900375.963896,0.0,0.0,0.0
1770900375.9689672,0.0,0.0,0.0
1770900375.9740355,0.0,0.0,0.0
1770900375.9790943,0.0,0.0,0.0
1770900375.9841602,0.0,0.0,0.0
1770900375.989225,0.0,0.0,0.0
1770900375.9942894,0.0,0.0,0.0
1770900375.9993517,0.0,0.0,0.0
1770900376.0044093,0.0,0.0,0.0
1770900376.0094671,0.0,0.0,0.0
1770900376.014525,0.0,0.0,0.0
1770900376.0195816,0.0,0.0,0.0
1770900376.0246377,0.0,0.0,0.0
1770900376.0296943,0.0,0.0,0.0
1770900376.0347507,0.0,0.0,0.0
1770900376.0398464,0.0,0.0,0.0
1770900376.0449202,0.0,0.0,0.0
1770900376.049977,0.0,0.0,0.0
1770900376.055035,0.0,0.0,0.0
1770900376.0601,0.0,0.0,0.0
1770900376.0651565,0.0,0.0,0.0
1770900376.0702152,0.0,0.0,0.0
1770900376.0752738,0.0,0.0,0.0
1770900376.0803328,0.0,0.0,0.0
1770900376.0853906,0.0,0.0,0.0
1770900376.0904508,0.0,0.0,0.0
1770900376.095511,0.0,0.0,0.0
1770900376.1005704,0.0,0.0,0.0
1770900376.1056268,0.0,0.0,0.0
1770900376.110683,0.0,0.0,0.0
1770900376.1157386,0.0,0.0,0.0
1770900376.1207948,0.0,0.0,0.0
1770900376.125817,0.0,0.0,0.0
1770900376.1308763,0.0,0.0,0.0
1770900376.1359487,0.0,0.0,0.0
1770900376.141007,0.0,0.0,0.0
1770900376.1460643,0.0,0.0,0.0
1770900376.151123,0.0,0.0,0.0
1770900376.1561859,0.0,0.0,0.0
1770900376.161248,0.0,0.0,0.0
1770900376.1663198,0.0,0.0,0.0
1770900376.1713855,0.0,0.0,0.0
1770900376.1764445,0.0,0.0,0.0
1770900376.1815033,0.0,0.0,0.0
1770900376.1865602,0.0,0.0,0.0
1770900376.19162,0.0,0.0,0.0
1770900376.1966822,0.0,0.0,0.0
1770900376.2017503,0.0,0.0,0.0
1770900376.2068117,0.0,0.0,0.0
1770900376.211873,0.0,0.0,0.0
1770900376.2169292,0.0,0.0,0.0
1770900376.2219868,0.0,0.0,0.0
1770900376.227045,0.0,0.0,0.0
1770900376.2321053,0.0,0.0,0.0
1770900376.237166,0.0,0.0,0.0
1770900376.2422252,0.0,0.0,0.0
1770900376.247292,0.0,0.0,0.0
1770900376.2523522,0.0,0.0,0.0
1770900376.257411,0.0,0.0,0.0
1770900376.2624671,0.0,0.0,0.0
1770900376.2675264,0.0,0.0,0.0
1770900376.2725837,0.0,0.0,0.0
1770900376.2776759,0.0,0.0,0.0
1770900376.2827764,0.0,0.0,0.0
1770900376.2878947,0.0,0.0,0.0
1770900376.292957,0.0,0.0,0.0
1770900376.298017,0.0,0.0,0.0
1770900376.303078,0.0,0.0,0.0
1770900376.308139,0.0,0.0,0.0
1770900376.3132002,0.0,0.0,0.0
1770900376.318261,0.0,0.0,0.0
1770900376.3233218,0.0,0.0,0.0
1770900376.3283823,0.0,0.0,0.0
1770900376.3334732,0.0,0.0,0.0
1770900376.3385637,0.0,0.0,0.0
1770900376.3436365,0.0,0.0,0.0
1770900376.3487022,0.0,0.0,0.0
1770900376.353768,0.0,0.0,0.0
1770900376.3588166,0.0,0.0,0.0
1770900376.3638735,0.0,0.0,0.0
1770900376.3689406,0.0,0.0,0.0
1770900376.3740058,0.0,0.0,0.0
1770900376.3790755,0.0,0.0,0.0
1770900376.3841412,0.0,0.0,0.0
1770900376.3892052,0.0,0.0,0.0
1770900376.3942676,0.0,0.0,0.0
1770900376.3993318,0.0,0.0,0.0
1770900376.4043941,0.0,0.0,0.0
1770900376.409485,0.0,0.0,0.0
1770900376.414584,0.0,0.0,0.0
1770900376.4196782,0.0,0.0,0.0
1770900376.424771,0.0,0.0,0.0
1770900376.4298632,0.0,0.0,0.0
1770900376.4349244,0.0,0.0,0.0
1770900376.4399843,0.0,0.0,0.0
1770900376.4450846,0.0,0.0,0.0
1770900376.4501455,0.0,0.0,0.0
1770900376.4552062,0.0,0.0,0.0
1770900376.4602978,0.0,0.0,0.0
1770900376.4653893,0.0,0.0,0.0
1770900376.4704633,0.0,0.0,0.0
1770900376.4755287,0.0,0.0,0.0
1770900376.480585,0.0,0.0,0.0
1770900376.4856439,0.0,0.0,0.0
1770900376.490701,0.0,0.0,0.0
1770900376.4957573,0.0,0.0,0.0
1770900376.5008192,0.0,0.0,0.0
1770900376.5058753,0.0,0.0,0.0
1770900376.5109339,0.0,0.0,0.0
1770900376.515992,0.0,0.0,0.0
1770900376.5210478,0.0,0.0,0.0
1770900376.5261173,0.0,0.0,0.0
1770900376.531187,0.0,0.0,0.0
1770900376.5362487,0.0,0.0,0.0
1770900376.5413053,0.0,0.0,0.0
1770900376.5463636,0.0,0.0,0.0
1770900376.5514202,0.0,0.0,0.0
1770900376.5564768,0.0,0.0,0.0
1770900376.5615337,0.0,0.0,0.0
1770900376.5665956,0.0,0.0,0.0
1770900376.5716655,0.0,0.0,0.0
1770900376.5767431,0.0,0.0,0.0
1770900376.5818243,0.0,0.0,0.0
1770900376.5868974,0.0,0.0,0.0
1770900376.591964,0.0,0.0,0.0
1770900376.5970235,0.0,0.0,0.0
1770900376.602088,0.0,0.0,0.0
1770900376.607146,0.0,0.0,0.0
1770900376.6122036,0.0,0.0,0.0
1770900376.6172633,0.0,0.0,0.0
1770900376.622325,0.0,0.0,0.0
1770900376.6273828,0.0,0.0,0.0
1770900376.6324403,0.0,0.0,0.0
1770900376.637497,0.0,0.0,0.0
1770900376.6425533,0.0,0.0,0.0
1770900376.6476092,0.0,0.0,0.0
1770900376.652665,0.0,0.0,0.0
1770900376.657722,0.0,0.0,0.0
1770900376.6627786,0.0,0.0,0.0
1770900376.667818,0.0,0.0,0.0
1770900376.6728823,0.0,0.0,0.0
1770900376.6779463,0.0,0.0,0.0
1770900376.683005,0.0,0.0,0.0
1770900376.6880622,0.0,0.0,0.0
1770900376.693119,0.0,0.0,0.0
1770900376.6981757,0.0,0.0,0.0
1770900376.703234,0.0,0.0,0.0
1770900376.7082918,0.0,0.0,0.0
1770900376.7133486,0.0,0.0,0.0
1770900376.7184181,0.0,0.0,0.0
1770900376.7234766,0.0,0.0,0.0
1770900376.7285483,0.0,0.0,0.0
1770900376.7336276,0.0,0.0,0.0
1770900376.738687,0.0,0.0,0.0
1770900376.743744,0.0,0.0,0.0
1770900376.7488012,0.0,0.0,0.0
1770900376.7538183,0.0,0.0,0.0
1770900376.7588756,0.0,0.0,0.0
1770900376.763934,0.0,0.0,0.0
1770900376.7690432,0.0,0.0,0.0
1770900376.7741258,0.0,0.0,0.0
1770900376.7791936,0.0,0.0,0.0
1770900376.7842557,0.0,0.0,0.0
1770900376.789316,0.0,0.0,0.0
1770900376.794376,0.0,0.0,0.0
1770900376.799432,0.0,0.0,0.0
1770900376.804494,0.0,0.0,0.0
1770900376.8095517,0.0,0.0,0.0
1770900376.8146083,0.0,0.0,0.0
1770900376.819665,0.0,0.0,0.0
1770900376.8247237,0.0,0.0,0.0
1770900376.8297865,0.0,0.0,0.0
1770900376.8348258,0.0,0.0,0.0
1770900376.8398864,0.0,0.0,0.0
1770900376.8449435,0.0,0.0,0.0
1770900376.8499997,0.0,0.0,0.0
1770900376.855056,0.0,0.0,0.0
1770900376.8601131,0.0,0.0,0.0
1770900376.8651695,0.0,0.0,0.0
1770900376.870225,0.0,0.0,0.0
1770900376.8752818,0.0,0.0,0.0
1770900376.8803394,0.0,0.0,0.0
1770900376.8854153,0.0,0.0,0.0
1770900376.8904815,0.0,0.0,0.0
1770900376.8955393,0.0,0.0,0.0
1770900376.900598,0.0,0.0,0.0
1770900376.9056559,0.0,0.0,0.0
1770900376.9107134,0.0,0.0,0.0
1770900376.9157698,0.0,0.0,0.0
1770900376.920819,0.0,0.0,0.0
1770900376.9258778,0.0,0.0,0.0
1770900376.9309359,0.0,0.0,0.0
1770900376.9359994,0.0,0.0,0.0
1770900376.941064,0.0,0.0,0.0
1770900376.946125,0.0,0.0,0.0
1770900376.9511833,0.0,0.0,0.0
1770900376.9562397,0.0,0.0,0.0
1770900376.9612956,0.0,0.0,0.0
1770900376.9663522,0.0,0.0,0.0
1770900376.9714127,0.0,0.0,0.0
1770900376.9764822,0.0,0.0,0.0
1770900376.9815457,0.0,0.0,0.0
1770900376.986604,0.0,0.0,0.0
1770900376.991661,0.0,0.0,0.0
1770900376.996718,0.0,0.0,0.0
1770900377.0017745,0.0,0.0,0.0
1770900377.006819,0.0,0.0,0.0
1770900377.0118797,0.0,0.0,0.0
1770900377.0169415,0.0,0.0,0.0
1770900377.0219998,0.0,0.0,0.0
1770900377.0270565,0.0,0.0,0.0
1770900377.032114,0.0,0.0,0.0
1770900377.0371704,0.0,0.0,0.0
1770900377.0422268,0.0,0.0,0.0
1770900377.0472822,0.0,0.0,0.0
1770900377.0523384,0.0,0.0,0.0
1770900377.0573952,0.0,0.0,0.0
1770900377.062452,0.0,0.0,0.0
1770900377.067508,0.0,0.0,0.0
1770900377.0725808,0.0,0.0,0.0
1770900377.0776465,0.0,0.0,0.0
1770900377.0827057,0.0,0.0,0.0
1770900377.0877635,0.0,0.0,0.0
1770900377.092821,0.0,0.0,0.0
1770900377.097878,0.0,0.0,0.0
1770900377.1029346,0.0,0.0,0.0
1770900377.1079903,0.0,0.0,0.0
1770900377.1130483,0.0,0.0,0.0
1770900377.118105,0.0,0.0,0.0
1770900377.123162,0.0,0.0,0.0
1770900377.1282291,0.0,0.0,0.0
1770900377.1332989,0.0,0.0,0.0
1770900377.1383657,0.0,0.0,0.0
1770900377.1434596,0.0,0.0,0.0
1770900377.148537,0.0,0.0,0.0
1770900377.1536255,0.0,0.0,0.0
1770900377.1586912,0.0,0.0,0.0
1770900377.1637497,0.0,0.0,0.0
1770900377.1688244,0.0,0.0,0.0
1770900377.1738958,0.0,0.0,0.0
1770900377.1789615,0.0,0.0,0.0
1770900377.1840215,0.0,0.0,0.0
1770900377.1890898,0.0,0.0,0.0
1770900377.1941483,0.0,0.0,0.0
1770900377.1992052,0.0,0.0,0.0
1770900377.2042613,0.0,0.0,0.0
1770900377.2093177,0.0,0.0,0.0
1770900377.2143805,0.0,0.0,0.0
1770900377.2194378,0.0,0.0,0.0
1770900377.2245018,0.0,0.0,0.0
1770900377.2295616,0.0,0.0,0.0
1770900377.234622,0.0,0.0,0.0
1770900377.2396805,0.0,0.0,0.0
1770900377.24474,0.0,0.0,0.0
1770900377.2498,0.0,0.0,0.0
1770900377.2548244,0.0,0.0,0.0
1770900377.259888,0.0,0.0,0.0
1770900377.264962,0.0,0.0,0.0
1770900377.270029,0.0,0.0,0.0
1770900377.275095,0.0,0.0,0.0
1770900377.2801578,0.0,0.0,0.0
1770900377.2852519,0.0,0.0,0.0
1770900377.2903287,0.0,0.0,0.0
1770900377.2953925,0.0,0.0,0.0
1770900377.300451,0.0,0.0,0.0
1770900377.3055077,0.0,0.0,0.0
1770900377.310564,0.0,0.0,0.0
1770900377.3156233,0.0,0.0,0.0
1770900377.3206837,0.0,0.0,0.0
1770900377.325743,0.0,0.0,0.0
1770900377.3308015,0.0,0.0,0.0
1770900377.3358254,0.0,0.0,0.0
1770900377.340888,0.0,0.0,0.0
1770900377.3459504,0.0,0.0,0.0
1770900377.351018,0.0,0.0,0.0
1770900377.356082,0.0,0.0,0.0
1770900377.3611403,0.0,0.0,0.0
1770900377.3661966,0.0,0.0,0.0
1770900377.3712626,0.0,0.0,0.0
1770900377.3763263,0.0,0.0,0.0
1770900377.3813915,0.0,0.0,0.0
1770900377.386449,0.0,0.0,0.0
1770900377.3915079,0.0,0.0,0.0
1770900377.3965664,0.0,0.0,0.0
1770900377.4016285,0.0,0.0,0.0
1770900377.4066896,0.0,0.0,0.0
1770900377.4117527,0.0,0.0,0.0
1770900377.416817,0.0,0.0,0.0
1770900377.4218757,0.0,0.0,0.0
1770900377.4269361,0.0,0.0,0.0
1770900377.4320114,0.0,0.0,0.0
1770900377.4370782,0.0,0.0,0.0
1770900377.442138,0.0,0.0,0.0
1770900377.4471953,0.0,0.0,0.0
1770900377.452253,0.0,0.0,0.0
1770900377.4573128,0.0,0.0,0.0
1770900377.4623713,0.0,0.0,0.0
1770900377.4674308,0.0,0.0,0.0
1770900377.4724963,0.0,0.0,0.0
1770900377.4775662,0.0,0.0,0.0
1770900377.482628,0.0,0.0,0.0
1770900377.4876912,0.0,0.0,0.0
1770900377.492762,0.0,0.0,0.0
1770900377.4978201,0.0,0.0,0.0
1770900377.5028775,0.0,0.0,0.0
1770900377.507936,0.0,0.0,0.0
1770900377.5130012,0.0,0.0,0.0
1770900377.518058,0.0,0.0,0.0
1770900377.5231147,0.0,0.0,0.0
1770900377.5283172,0.0,0.0,0.0
1770900377.5333886,0.0,0.0,0.0
1770900377.538451,0.0,0.0,0.0
1770900377.5435123,0.0,0.0,0.0
1770900377.5485735,0.0,0.0,0.0
1770900377.5536442,0.0,0.0,0.0
1770900377.5587077,0.0,0.0,0.0
1770900377.5637662,0.0,0.0,0.0
1770900377.5688329,0.0,0.0,0.0
1770900377.5738885,0.0,0.0,0.0
1770900377.5789442,0.0,0.0,0.0
1770900377.5841749,0.0,0.0,0.0
1770900377.5892494,0.0,0.0,0.0
1770900377.5943096,0.0,0.0,0.0
1770900377.5993712,0.0,0.0,0.0
1770900377.6044333,0.0,0.0,0.0
1770900377.6094987,0.0,0.0,0.0
1770900377.614562,0.0,0.0,0.0
1770900377.6196208,0.0,0.0,0.0
1770900377.6246777,0.0,0.0,0.0
1770900377.6297345,0.0,0.0,0.0
1770900377.6347957,0.0,0.0,0.0
1770900377.6398633,0.0,0.0,0.0
1770900377.6449273,0.0,0.0,0.0
1770900377.6499913,0.0,0.0,0.0
1770900377.6550572,0.0,0.0,0.0
1770900377.66012,0.0,0.0,0.0
1770900377.6651847,0.0,0.0,0.0
1770900377.6702478,0.0,0.0,0.0
1770900377.6753097,0.0,0.0,0.0
1770900377.6803691,0.0,0.0,0.0
1770900377.6854312,0.0,0.0,0.0
1770900377.6905022,0.0,0.0,0.0
1770900377.6955945,0.0,0.0,0.0
1770900377.7006698,0.0,0.0,0.0
1770900377.7057302,0.0,0.0,0.0
1770900377.7107873,0.0,0.0,0.0
1770900377.715827,0.0,0.0,0.0
1770900377.7208915,0.0,0.0,0.0
1770900377.7259555,0.0,0.0,0.0
1770900377.7310925,0.0,0.0,0.0
1770900377.7361748,0.0,0.0,0.0
1770900377.7412474,0.0,0.0,0.0
1770900377.7463186,0.0,0.0,0.0
1770900377.7513864,0.0,0.0,0.0
1770900377.7564483,0.0,0.0,0.0
1770900377.7615497,0.0,0.0,0.0
1770900377.7666125,0.0,0.0,0.0
1770900377.7717094,0.0,0.0,0.0
1770900377.7768035,0.0,0.0,0.0
1770900377.7818289,0.0,0.0,0.0
1770900377.7868593,0.0,0.0,0.0
1770900377.791903,0.0,0.0,0.0
1770900377.797015,0.0,0.0,0.0
1770900377.8020804,0.0,0.0,0.0
1770900377.8071458,0.0,0.0,0.0
1770900377.812219,0.0,0.0,0.0
1770900377.817287,0.0,0.0,0.0
1770900377.8223488,0.0,0.0,0.0
1770900377.8274453,0.0,0.0,0.0
1770900377.8325412,0.0,0.0,0.0
1770900377.837635,0.0,0.0,0.0
1770900377.8427262,0.0,0.0,0.0
1770900377.8478215,0.0,0.0,0.0
1770900377.8529062,0.0,0.0,0.0
1770900377.8579812,0.0,0.0,0.0
1770900377.8630786,0.0,0.0,0.0
1770900377.8681407,0.0,0.0,0.0
1770900377.8732016,0.0,0.0,0.0
1770900377.8782923,0.0,0.0,0.0
1770900377.8833528,0.0,0.0,0.0
1770900377.8884137,0.0,0.0,0.0
1770900377.893503,0.0,0.0,0.0
1770900377.8985682,0.0,0.0,0.0
1770900377.9036365,0.0,0.0,0.0
1770900377.9087305,0.0,0.0,0.0
1770900377.913792,0.0,0.0,0.0
1770900377.9188592,0.0,0.0,0.0
1770900377.923933,0.0,0.0,0.0
1770900377.9290051,0.0,0.0,0.0
1770900377.9340718,0.0,0.0,0.0
1770900377.9391663,0.0,0.0,0.0
1770900377.9442606,0.0,0.0,0.0
1770900377.9493227,0.0,0.0,0.0
1770900377.9544146,0.0,0.0,0.0
1770900377.9595418,0.0,0.0,0.0
1770900377.964622,0.0,0.0,0.0
1770900377.9696844,0.0,0.0,0.0
1770900377.9747756,0.0,0.0,0.0
1770900377.9798663,0.0,0.0,0.0
1770900377.984931,0.0,0.0,0.0
1770900377.9900012,0.0,0.0,0.0
1770900377.9950702,0.0,0.0,0.0
1770900378.0001402,0.0,0.0,0.0
1770900378.0052397,0.0,0.0,0.0
1770900378.0103369,0.0,0.0,0.0
1770900378.0154345,0.0,0.0,0.0
1770900378.0205126,0.0,0.0,0.0
1770900378.0255835,0.0,0.0,0.0
1770900378.030642,0.0,0.0,0.0
1770900378.0357015,0.0,0.0,0.0
1770900378.040799,0.0,0.0,0.0
1770900378.045824,0.0,0.0,0.0
1770900378.0508907,0.0,0.0,0.0
1770900378.055959,0.0,0.0,0.0
1770900378.0610292,0.0,0.0,0.0
1770900378.0661097,0.0,0.0,0.0
1770900378.0711992,0.0,0.0,0.0
1770900378.076281,0.0,0.0,0.0
1770900378.081386,0.0,0.0,0.0
1770900378.0864654,0.0,0.0,0.0
1770900378.0915647,0.0,0.0,0.0
1770900378.0966702,0.0,0.0,0.0
1770900378.1017644,0.0,0.0,0.0
1770900378.106862,0.0,0.0,0.0
1770900378.111882,0.0,0.0,0.0
1770900378.116948,0.0,0.0,0.0
1770900378.122049,0.0,0.0,0.0
1770900378.1271152,0.0,0.0,0.0
1770900378.1321826,0.0,0.0,0.0
1770900378.1372511,0.0,0.0,0.0
1770900378.1423442,0.0,0.0,0.0
1770900378.1474354,0.0,0.0,0.0
1770900378.1525397,0.0,0.0,0.0
1770900378.1576345,0.0,0.0,0.0
1770900378.1627295,0.0,0.0,0.0
1770900378.1678236,0.0,0.0,0.0
1770900378.1728578,0.0,0.0,0.0
1770900378.1779494,0.0,0.0,0.0
1770900378.1833997,0.0,0.0,0.0
1770900378.1884933,0.0,0.0,0.0
1770900378.1936097,0.0,0.0,0.0
1770900378.1986868,0.0,0.0,0.0
1770900378.2037807,0.0,0.0,0.0
1770900378.2088637,0.0,0.0,0.0
1770900378.2139251,0.0,0.0,0.0
1770900378.2189898,0.0,0.0,0.0
1770900378.224085,0.0,0.0,0.0
1770900378.2291477,0.0,0.0,0.0
1770900378.234223,0.0,0.0,0.0
1770900378.2393272,0.0,0.0,0.0
1770900378.2444293,0.0,0.0,0.0
1770900378.2496,0.0,0.0,0.0
1770900378.2546778,0.0,0.0,0.0
1770900378.259745,0.0,0.0,0.0
1770900378.2648215,0.0,0.0,0.0
1770900378.2698941,0.0,0.0,0.0
1770900378.27496,0.0,0.0,0.0
1770900378.2800283,0.0,0.0,0.0
1770900378.2850966,0.0,0.0,0.0
1770900378.290163,0.0,0.0,0.0
1770900378.295228,0.0,0.0,0.0
1770900378.3003006,0.0,0.0,0.0
1770900378.3053718,0.0,0.0,0.0
1770900378.3104882,0.0,0.0,0.0
1770900378.315629,0.0,0.0,0.0
1770900378.3206935,0.0,0.0,0.0
1770900378.325802,0.0,0.0,0.0
1770900378.330889,0.0,0.0,0.0
1770900378.3359683,0.0,0.0,0.0
1770900378.341145,0.0,0.0,0.0
1770900378.3462167,0.0,0.0,0.0
1770900378.3513103,0.0,0.0,0.0
1770900378.356429,0.0,0.0,0.0
1770900378.361531,0.0,0.0,0.0
1770900378.3666565,0.0,0.0,0.0
1770900378.3717275,0.0,0.0,0.0
1770900378.3768249,0.0,0.0,0.0
1770900378.3818913,0.0,0.0,0.0
1770900378.3869824,0.0,0.0,0.0
1770900378.3920553,0.0,0.0,0.0
1770900378.3971922,0.0,0.0,0.0
1770900378.4022787,0.0,0.0,0.0
1770900378.4073844,0.0,0.0,0.0
1770900378.4124508,0.0,0.0,0.0
1770900378.417582,0.0,0.0,0.0
1770900378.4226937,0.0,0.0,0.0
1770900378.427818,0.0,0.0,0.0
1770900378.4328895,0.0,0.0,0.0
1770900378.4379673,0.0,0.0,0.0
1770900378.4430635,0.0,0.0,0.0
1770900378.448321,0.0,0.0,0.0
1770900378.4533865,0.0,0.0,0.0
1770900378.4584777,0.0,0.0,0.0
1770900378.46359,0.0,0.0,0.0
1770900378.4686983,0.0,0.0,0.0
1770900378.4737964,0.0,0.0,0.0
1770900378.478852,0.0,0.0,0.0
1770900378.4838994,0.0,0.0,0.0
1770900378.48896,0.0,0.0,0.0
1770900378.494019,0.0,0.0,0.0
1770900378.4990833,0.0,0.0,0.0
1770900378.5041454,0.0,0.0,0.0
1770900378.5092053,0.0,0.0,0.0
1770900378.5142696,0.0,0.0,0.0
1770900378.5193534,0.0,0.0,0.0
1770900378.524424,0.0,0.0,0.0
1770900378.5294898,0.0,0.0,0.0
1770900378.534569,0.0,0.0,0.0
1770900378.5396736,0.0,0.0,0.0
1770900378.544774,0.0,0.0,0.0
1770900378.549889,0.0,0.0,0.0
1770900378.5549629,0.0,0.0,0.0
1770900378.560027,0.0,0.0,0.0
1770900378.565101,0.0,0.0,0.0
1770900378.570175,0.0,0.0,0.0
1770900378.5752466,0.0,0.0,0.0
1770900378.5803325,0.0,0.0,0.0
1770900378.585408,0.0,0.0,0.0
1770900378.5905128,0.0,0.0,0.0
1770900378.5956109,0.0,0.0,0.0
1770900378.6006918,0.0,0.0,0.0
1770900378.6057608,0.0,0.0,0.0
1770900378.6108296,0.0,0.0,0.0
1770900378.6159222,0.0,0.0,0.0
1770900378.6210048,0.0,0.0,0.0
1770900378.6260798,0.0,0.0,0.0
1770900378.6311648,0.0,0.0,0.0
1770900378.6362813,0.0,0.0,0.0
1770900378.6413596,0.0,0.0,0.0
1770900378.6464367,0.0,0.0,0.0
1770900378.6515253,0.0,0.0,0.0
1770900378.6566265,0.0,0.0,0.0
1770900378.661695,0.0,0.0,0.0
1770900378.6667972,0.0,0.0,0.0
1770900378.671832,0.0,0.0,0.0
1770900378.6769006,0.0,0.0,0.0
1770900378.6819766,0.0,0.0,0.0
1770900378.687048,0.0,0.0,0.0
1770900378.6921113,0.0,0.0,0.0
1770900378.6971817,0.0,0.0,0.0
1770900378.7022617,0.0,0.0,0.0
1770900378.7073298,0.0,0.0,0.0
1770900378.7123954,0.0,0.0,0.0
1770900378.7174892,0.0,0.0,0.0
1770900378.7226,0.0,0.0,0.0
1770900378.7277124,0.0,0.0,0.0
1770900378.7327952,0.0,0.0,0.0
1770900378.7378845,0.0,0.0,0.0
1770900378.7429733,0.0,0.0,0.0
1770900378.7480526,0.0,0.0,0.0
1770900378.7531247,0.0,0.0,0.0
1770900378.7581902,0.0,0.0,0.0
1770900378.7632883,0.0,0.0,0.0
1770900378.7683678,0.0,0.0,0.0
1770900378.7734373,0.0,0.0,0.0
1770900378.7785063,0.0,0.0,0.0
1770900378.7835774,0.0,0.0,0.0
1770900378.7886796,0.0,0.0,0.0
1770900378.793744,0.0,0.0,0.0
1770900378.7988179,0.0,0.0,0.0
1770900378.8038826,0.0,0.0,0.0
1770900378.8089857,0.0,0.0,0.0
1770900378.8140485,0.0,0.0,0.0
1770900378.8191097,0.0,0.0,0.0
1770900378.8242037,0.0,0.0,0.0
1770900378.829297,0.0,0.0,0.0
1770900378.8343704,0.0,0.0,0.0
1770900378.8394718,0.0,0.0,0.0
1770900378.8445723,0.0,0.0,0.0
1770900378.849678,0.0,0.0,0.0
1770900378.8547456,0.0,0.0,0.0
1770900378.8598273,0.0,0.0,0.0
1770900378.864908,0.0,0.0,0.0
1770900378.8699787,0.0,0.0,0.0
1770900378.875045,0.0,0.0,0.0
1770900378.8801427,0.0,0.0,0.0
1770900378.885239,0.0,0.0,0.0
1770900378.890343,0.0,0.0,0.0
1770900378.8954027,0.0,0.0,0.0
1770900378.9004982,0.0,0.0,0.0
1770900378.90559,0.0,0.0,0.0
1770900378.9106827,0.0,0.0,0.0
1770900378.9157455,0.0,0.0,0.0
1770900378.9208503,0.0,0.0,0.0
1770900378.9259512,0.0,0.0,0.0
1770900378.931045,0.0,0.0,0.0
1770900378.936106,0.0,0.0,0.0
1770900378.9411714,0.0,0.0,0.0
1770900378.9462802,0.0,0.0,0.0
1770900378.9513445,0.0,0.0,0.0
1770900378.9564066,0.0,0.0,0.0
1770900378.961497,0.0,0.0,0.0
1770900378.9665961,0.0,0.0,0.0
1770900378.9717002,0.0,0.0,0.0
1770900378.9767644,0.0,0.0,0.0
1770900378.9818711,0.0,0.0,0.0
1770900378.9869506,0.0,0.0,0.0
1770900378.9920256,0.0,0.0,0.0
1770900378.9971187,0.0,0.0,0.0
1770900379.0021968,0.0,0.0,0.0
1770900379.0072618,0.0,0.0,0.0
1770900379.0123243,0.0,0.0,0.0
1770900379.0173876,0.0,0.0,0.0
1770900379.0224798,0.0,0.0,0.0
1770900379.0275867,0.0,0.0,0.0
1770900379.0326922,0.0,0.0,0.0
1770900379.037786,0.0,0.0,0.0
1770900379.0428748,0.0,0.0,0.0
1770900379.0479584,0.0,0.0,0.0
1770900379.0530326,0.0,0.0,0.0
1770900379.0580976,0.0,0.0,0.0
1770900379.0631628,0.0,0.0,0.0
1770900379.0682595,0.0,0.0,0.0
1770900379.073334,0.0,0.0,0.0
1770900379.07841,0.0,0.0,0.0
1770900379.0834763,0.0,0.0,0.0
1770900379.0885348,0.0,0.0,0.0
1770900379.0936034,0.0,0.0,0.0
1770900379.0986679,0.0,0.0,0.0
1770900379.103763,0.0,0.0,0.0
1770900379.1088698,0.0,0.0,0.0
1770900379.1139882,0.0,0.0,0.0
1770900379.1190653,0.0,0.0,0.0
1770900379.1241612,0.0,0.0,0.0
1770900379.1292233,0.0,0.0,0.0
1770900379.1342983,0.0,0.0,0.0
1770900379.1393638,0.0,0.0,0.0
1770900379.1444662,0.0,0.0,0.0
1770900379.1495323,0.0,0.0,0.0
1770900379.1546001,0.0,0.0,0.0
1770900379.1596968,0.0,0.0,0.0
1770900379.1647933,0.0,0.0,0.0
1770900379.169888,0.0,0.0,0.0
1770900379.174981,0.0,0.0,0.0
1770900379.181418,0.0,0.0,0.0
1770900379.1864874,0.0,0.0,0.0
1770900379.1916199,0.0,0.0,0.0
1770900379.1966922,0.0,0.0,0.0
1770900379.2017882,0.0,0.0,0.0
1770900379.2068825,0.0,0.0,0.0
1770900379.211982,0.0,0.0,0.0
1770900379.2170453,0.0,0.0,0.0
1770900379.2221367,0.0,0.0,0.0
1770900379.2272277,0.0,0.0,0.0
1770900379.2322946,0.0,0.0,0.0
1770900379.2373595,0.0,0.0,0.0
1770900379.2424254,0.0,0.0,0.0
1770900379.24749,0.0,0.0,0.0
1770900379.2525837,0.0,0.0,0.0
1770900379.2576764,0.0,0.0,0.0
1770900379.26277,0.0,0.0,0.0
1770900379.2678676,0.0,0.0,0.0
1770900379.2729352,0.0,0.0,0.0
1770900379.2779968,0.0,0.0,0.0
1770900379.2830625,0.0,0.0,0.0
1770900379.288139,0.0,0.0,0.0
1770900379.2932131,0.0,0.0,0.0
1770900379.2982771,0.0,0.0,0.0
1770900379.3033433,0.0,0.0,0.0
1770900379.3084385,0.0,0.0,0.0
1770900379.3135345,0.0,0.0,0.0
1770900379.3186057,0.0,0.0,0.0
1770900379.323678,0.0,0.0,0.0
1770900379.3287706,0.0,0.0,0.0
1770900379.333896,0.0,0.0,0.0
1770900379.339014,0.0,0.0,0.0
1770900379.3440776,0.0,0.0,0.0
1770900379.3491387,0.0,0.0,0.0
1770900379.3541994,0.0,0.0,0.0
1770900379.3592598,0.0,0.0,0.0
1770900379.36432,0.0,0.0,0.0
1770900379.369383,0.0,0.0,0.0
1770900379.374447,0.0,0.0,0.0
1770900379.3795457,0.0,0.0,0.0
1770900379.3846397,0.0,0.0,0.0
1770900379.389734,0.0,0.0,0.0
1770900379.3948267,0.0,0.0,0.0
1770900379.399888,0.0,0.0,0.0
1770900379.4049897,0.0,0.0,0.0
1770900379.4100935,0.0,0.0,0.0
1770900379.4151945,0.0,0.0,0.0
1770900379.4202583,0.0,0.0,0.0
1770900379.425321,0.0,0.0,0.0
1770900379.4303937,0.0,0.0,0.0
1770900379.4354994,0.0,0.0,0.0
1770900379.4405932,0.0,0.0,0.0
1770900379.445685,0.0,0.0,0.0
1770900379.4507804,0.0,0.0,0.0
1770900379.4558842,0.0,0.0,0.0
1770900379.4609509,0.0,0.0,0.0
1770900379.4660144,0.0,0.0,0.0
1770900379.4710777,0.0,0.0,0.0
1770900379.4761484,0.0,0.0,0.0
1770900379.4812167,0.0,0.0,0.0
1770900379.4863346,0.0,0.0,0.0
1770900379.491442,0.0,0.0,0.0
1770900379.4965374,0.0,0.0,0.0
1770900379.50163,0.0,0.0,0.0
1770900379.5067213,0.0,0.0,0.0
1770900379.5118117,0.0,0.0,0.0
1770900379.5168693,0.0,0.0,0.0
1770900379.5219326,0.0,0.0,0.0
1770900379.5270274,0.0,0.0,0.0
1770900379.5320907,0.0,0.0,0.0
1770900379.5371568,0.0,0.0,0.0
1770900379.542224,0.0,0.0,0.0
1770900379.5473056,0.0,0.0,0.0
1770900379.5523753,0.0,0.0,0.0
1770900379.5574336,0.0,0.0,0.0
1770900379.562493,0.0,0.0,0.0
1770900379.5675864,0.0,0.0,0.0
1770900379.5726864,0.0,0.0,0.0
1770900379.57782,0.0,0.0,0.0
1770900379.5828955,0.0,0.0,0.0
1770900379.5879602,0.0,0.0,0.0
1770900379.5930712,0.0,0.0,0.0
1770900379.5981388,0.0,0.0,0.0
1770900379.6032057,0.0,0.0,0.0
1770900379.6082675,0.0,0.0,0.0
1770900379.6133313,0.0,0.0,0.0
1770900379.6184084,0.0,0.0,0.0
1770900379.6234732,0.0,0.0,0.0
1770900379.6285734,0.0,0.0,0.0
1770900379.633691,0.0,0.0,0.0
1770900379.63881,0.0,0.0,0.0
1770900379.6440864,0.0,0.0,0.0
1770900379.6491523,0.0,0.0,0.0
1770900379.6542182,0.0,0.0,0.0
1770900379.6592824,0.0,0.0,0.0
1770900379.6643474,0.0,0.0,0.0
1770900379.6694136,0.0,0.0,0.0
1770900379.674508,0.0,0.0,0.0
1770900379.6796083,0.0,0.0,0.0
1770900379.684695,0.0,0.0,0.0
1770900379.6897743,0.0,0.0,0.0
1770900379.694863,0.0,0.0,0.0
1770900379.6999428,0.0,0.0,0.0
1770900379.7050338,0.0,0.0,0.0
1770900379.710102,0.0,0.0,0.0
1770900379.7151647,0.0,0.0,0.0
1770900379.7202272,0.0,0.0,0.0
1770900379.7252915,0.0,0.0,0.0
1770900379.730384,0.0,0.0,0.0
1770900379.735448,0.0,0.0,0.0
1770900379.7405448,0.0,0.0,0.0
1770900379.745638,0.0,0.0,0.0
1770900379.7506878,0.0,0.0,0.0
1770900379.755779,0.0,0.0,0.0
1770900379.7608864,0.0,0.0,0.0
1770900379.7659822,0.0,0.0,0.0
1770900379.771081,0.0,0.0,0.0
1770900379.7761433,0.0,0.0,0.0
1770900379.7812378,0.0,0.0,0.0
1770900379.786358,0.0,0.0,0.0
1770900379.791431,0.0,0.0,0.0
1770900379.796494,0.0,0.0,0.0
1770900379.801586,0.0,0.0,0.0
1770900379.8066797,0.0,0.0,0.0
1770900379.8117728,0.0,0.0,0.0
1770900379.8168876,0.0,0.0,0.0
1770900379.8219526,0.0,0.0,0.0
1770900379.8270147,0.0,0.0,0.0
1770900379.8320768,0.0,0.0,0.0
1770900379.83714,0.0,0.0,0.0
1770900379.842224,0.0,0.0,0.0
1770900379.8473055,0.0,0.0,0.0
1770900379.852369,0.0,0.0,0.0
1770900379.8574288,0.0,0.0,0.0
1770900379.8624895,0.0,0.0,0.0
1770900379.8676078,0.0,0.0,0.0
1770900379.8727121,0.0,0.0,0.0
1770900379.8777773,0.0,0.0,0.0
1770900379.8828757,0.0,0.0,0.0
1770900379.887951,0.0,0.0,0.0
1770900379.8930166,0.0,0.0,0.0
1770900379.898119,0.0,0.0,0.0
1770900379.903185,0.0,0.0,0.0
1770900379.9082544,0.0,0.0,0.0
1770900379.9133208,0.0,0.0,0.0
1770900379.9183908,0.0,0.0,0.0
1770900379.9234514,0.0,0.0,0.0
1770900379.928515,0.0,0.0,0.0
1770900379.933586,0.0,0.0,0.0
1770900379.9386866,0.0,0.0,0.0
1770900379.9437876,0.0,0.0,0.0
1770900379.9489012,0.0,0.0,0.0
1770900379.9539714,0.0,0.0,0.0
1770900379.9590354,0.0,0.0,0.0
1770900379.9641082,0.0,0.0,0.0
1770900379.969177,0.0,0.0,0.0
1770900379.974237,0.0,0.0,0.0
1770900379.9792979,0.0,0.0,0.0
1770900379.9843621,0.0,0.0,0.0
1770900379.9894252,0.0,0.0,0.0
1770900379.9945269,0.0,0.0,0.0
1770900379.9996316,0.0,0.0,0.0
1770900380.0047026,0.0,0.0,0.0
1770900380.0098,0.0,0.0,0.0
1770900380.0149071,0.0,0.0,0.0
1770900380.0199742,0.0,0.0,0.0
1770900380.0250785,0.0,0.0,0.0
1770900380.0301466,0.0,0.0,0.0
1770900380.035216,0.0,0.0,0.0
1770900380.0403202,0.0,0.0,0.0
1770900380.045422,0.0,0.0,0.0
1770900380.0505276,0.0,0.0,0.0
1770900380.0556576,0.0,0.0,0.0
1770900380.060786,0.0,0.0,0.0
1770900380.0659163,0.0,0.0,0.0
1770900380.0710194,0.0,0.0,0.0
1770900380.076081,0.0,0.0,0.0
1770900380.0811436,0.0,0.0,0.0
1770900380.0862367,0.0,0.0,0.0
1770900380.091328,0.0,0.0,0.0
1770900380.0964196,0.0,0.0,0.0
1770900380.1015112,0.0,0.0,0.0
1770900380.1066108,0.0,0.0,0.0
1770900380.111705,0.0,0.0,0.0
1770900380.116807,0.0,0.0,0.0
1770900380.1219099,0.0,0.0,0.0
1770900380.1269724,0.0,0.0,0.0
1770900380.1320443,0.0,0.0,0.0
1770900380.1376514,0.0,0.0,0.0
1770900380.1427858,0.0,0.0,0.0
1770900380.1478934,0.0,0.0,0.0
1770900380.152989,0.0,0.0,0.0
1770900380.1580532,0.0,0.0,0.0
1770900380.163159,0.0,0.0,0.0
1770900380.1682343,0.0,0.0,0.0
1770900380.1733422,0.0,0.0,0.0
1770900380.1784258,0.0,0.0,0.0
1770900380.1834862,0.0,0.0,0.0
1770900380.1885786,0.0,0.0,0.0
1770900380.1936781,0.0,0.0,0.0
1770900380.1987824,0.0,0.0,0.0
1770900380.2038612,0.0,0.0,0.0
1770900380.2089248,0.0,0.0,0.0
1770900380.214015,0.0,0.0,0.0
1770900380.2190902,0.0,0.0,0.0
1770900380.2241833,0.0,0.0,0.0
1770900380.2292514,0.0,0.0,0.0
1770900380.2344244,0.0,0.0,0.0
1770900380.2394998,0.0,0.0,0.0
1770900380.2445667,0.0,0.0,0.0
1770900380.2496283,0.0,0.0,0.0
1770900380.254691,0.0,0.0,0.0
1770900380.2597668,0.0,0.0,0.0
1770900380.2648385,0.0,0.0,0.0
1770900380.2699292,0.0,0.0,0.0
1770900380.2750137,0.0,0.0,0.0
1770900380.28008,0.0,0.0,0.0
1770900380.2851524,0.0,0.0,0.0
1770900380.2902193,0.0,0.0,0.0
1770900380.295284,0.0,0.0,0.0
1770900380.300349,0.0,0.0,0.0
1770900380.305411,0.0,0.0,0.0
1770900380.3104737,0.0,0.0,0.0
1770900380.315542,0.0,0.0,0.0
1770900380.32061,0.0,0.0,0.0
1770900380.325683,0.0,0.0,0.0
1770900380.3307614,0.0,0.0,0.0
1770900380.3358672,0.0,0.0,0.0
1770900380.3409402,0.0,0.0,0.0
1770900380.3460095,0.0,0.0,0.0
1770900380.3510869,0.0,0.0,0.0
1770900380.3561637,0.0,0.0,0.0
1770900380.3612435,0.0,0.0,0.0
1770900380.3663182,0.0,0.0,0.0
1770900380.3713868,0.0,0.0,0.0
1770900380.3764524,0.0,0.0,0.0
1770900380.3815477,0.0,0.0,0.0
1770900380.386616,0.0,0.0,0.0
1770900380.391714,0.0,0.0,0.0
1770900380.396808,0.0,0.0,0.0
1770900380.4018915,0.0,0.0,0.0
1770900380.4069529,0.0,0.0,0.0
1770900380.4120142,0.0,0.0,0.0
1770900380.4171178,0.0,0.0,0.0
1770900380.422224,0.0,0.0,0.0
1770900380.427335,0.0,0.0,0.0
1770900380.432397,0.0,0.0,0.0
1770900380.4375236,0.0,0.0,0.0
1770900380.4425905,0.0,0.0,0.0
1770900380.4476893,0.0,0.0,0.0
1770900380.4527645,0.0,0.0,0.0
1770900380.4578652,0.0,0.0,0.0
1770900380.4629278,0.0,0.0,0.0
1770900380.4679952,0.0,0.0,0.0
1770900380.4730916,0.0,0.0,0.0
1770900380.4781673,0.0,0.0,0.0
1770900380.4832368,0.0,0.0,0.0
1770900380.4883037,0.0,0.0,0.0
1770900380.493365,0.0,0.0,0.0
1770900380.4992871,0.0,0.0,0.0
1770900380.5043626,0.0,0.0,0.0
1770900380.509425,0.0,0.0,0.0
1770900380.514495,0.0,0.0,0.0
1770900380.519566,0.0,0.0,0.0
1770900380.5246296,0.0,0.0,0.0
1770900380.5296981,0.0,0.0,0.0
1770900380.5357563,0.0,0.0,0.0
1770900380.5408711,0.0,0.0,0.0
1770900380.5459383,0.0,0.0,0.0
1770900380.5510097,0.0,0.0,0.0
1770900380.5560777,0.0,0.0,0.0
1770900380.561138,0.0,0.0,0.0
1770900380.5662043,0.0,0.0,0.0
1770900380.571269,0.0,0.0,0.0
1770900380.5763443,0.0,0.0,0.0
1770900380.5814059,0.0,0.0,0.0
1770900380.586475,0.0,0.0,0.0
1770900380.5915377,0.0,0.0,0.0
1770900380.5966039,0.0,0.0,0.0
1770900380.6016762,0.0,0.0,0.0
1770900380.6067424,0.0,0.0,0.0
1770900380.6118042,0.0,0.0,0.0
1770900380.6168427,0.0,0.0,0.0
1770900380.6219137,0.0,0.0,0.0
1770900380.626977,0.0,0.0,0.0
1770900380.6321092,0.0,0.0,0.0
1770900380.6371903,0.0,0.0,0.0
1770900380.6422539,0.0,0.0,0.0
1770900380.6486824,0.0,0.0,0.0
1770900380.6537707,0.0,0.0,0.0
1770900380.6588793,0.0,0.0,0.0
1770900380.6639595,0.0,0.0,0.0
1770900380.669041,0.0,0.0,0.0
1770900380.6741066,0.0,0.0,0.0
1770900380.679169,0.0,0.0,0.0
1770900380.684234,0.0,0.0,0.0
1770900380.6892974,0.0,0.0,0.0
1770900380.69439,0.0,0.0,0.0
1770900380.69948,0.0,0.0,0.0
1770900380.7045736,0.0,0.0,0.0
1770900380.7096436,0.0,0.0,0.0
1770900380.7147536,0.0,0.0,0.0
1770900380.7198656,0.0,0.0,0.0
1770900380.7249358,0.0,0.0,0.0
1770900380.7300081,0.0,0.0,0.0
1770900380.735081,0.0,0.0,0.0
1770900380.7401538,0.0,0.0,0.0
1770900380.7452235,0.0,0.0,0.0
1770900380.7502894,0.0,0.0,0.0
1770900380.7553513,0.0,0.0,0.0
1770900380.760444,0.0,0.0,0.0
1770900380.7655685,0.0,0.0,0.0
1770900380.7706702,0.0,0.0,0.0
1770900380.7757745,0.0,0.0,0.0
1770900380.780826,0.0,0.0,0.0
1770900380.7858706,0.0,0.0,0.0
1770900380.7909331,0.0,0.0,0.0
1770900380.7960012,0.0,0.0,0.0
1770900380.8010638,0.0,0.0,0.0
1770900380.8061583,0.0,0.0,0.0
1770900380.8112442,0.0,0.0,0.0
1770900380.816313,0.0,0.0,0.0
1770900380.8213797,0.0,0.0,0.0
1770900380.8264427,0.0,0.0,0.0
1770900380.8315065,0.0,0.0,0.0
1770900380.836602,0.0,0.0,0.0
1770900380.841698,0.0,0.0,0.0
1770900380.8468034,0.0,0.0,0.0
1770900380.8518577,0.0,0.0,0.0
1770900380.8569202,0.0,0.0,0.0
1770900380.8620312,0.0,0.0,0.0
1770900380.867133,0.0,0.0,0.0
1770900380.8722022,0.0,0.0,0.0
1770900380.8772688,0.0,0.0,0.0
1770900380.8823333,0.0,0.0,0.0
1770900380.8874304,0.0,0.0,0.0
1770900380.892523,0.0,0.0,0.0
1770900380.897614,0.0,0.0,0.0
1770900380.9026868,0.0,0.0,0.0
1770900380.907789,0.0,0.0,0.0
1770900380.9128256,0.0,0.0,0.0
1770900380.9178824,0.0,0.0,0.0
1770900380.922955,0.0,0.0,0.0
1770900380.9280224,0.0,0.0,0.0
1770900380.9330835,0.0,0.0,0.0
1770900380.9381468,0.0,0.0,0.0
1770900380.943218,0.0,0.0,0.0
1770900380.9482868,0.0,0.0,0.0
1770900380.9533505,0.0,0.0,0.0
1770900380.9584465,0.0,0.0,0.0
1770900380.9635236,0.0,0.0,0.0
1770900380.9686155,0.0,0.0,0.0
1770900380.9737084,0.0,0.0,0.0
1770900380.978803,0.0,0.0,0.0
1770900380.9838645,0.0,0.0,0.0
1770900380.9889295,0.0,0.0,0.0
1770900380.993992,0.0,0.0,0.0
1770900380.9990516,0.0,0.0,0.0
1770900381.0041134,0.0,0.0,0.0
1770900381.0091956,0.0,0.0,0.0
1770900381.0142922,0.0,0.0,0.0
1770900381.019365,0.0,0.0,0.0
1770900381.02446,0.0,0.0,0.0
1770900381.029558,0.0,0.0,0.0
1770900381.0346541,0.0,0.0,0.0
1770900381.0397534,0.0,0.0,0.0
1770900381.0448508,0.0,0.0,0.0
1770900381.0499146,0.0,0.0,0.0
1770900381.054977,0.0,0.0,0.0
1770900381.0600402,0.0,0.0,0.0
1770900381.0651035,0.0,0.0,0.0
1770900381.070174,0.0,0.0,0.0
1770900381.0752435,0.0,0.0,0.0
1770900381.0803127,0.0,0.0,0.0
1770900381.085376,0.0,0.0,0.0
1770900381.090469,0.0,0.0,0.0
1770900381.095533,0.0,0.0,0.0
1770900381.100624,0.0,0.0,0.0
1770900381.105717,0.0,0.0,0.0
1770900381.1108105,0.0,0.0,0.0
1770900381.1158812,0.0,0.0,0.0
1770900381.120951,0.0,0.0,0.0
1770900381.1260166,0.0,0.0,0.0
1770900381.1310806,0.0,0.0,0.0
1770900381.1361427,0.0,0.0,0.0
1770900381.1412053,0.0,0.0,0.0
1770900381.1488209,0.0,0.0,0.0
1770900381.1538608,0.0,0.0,0.0
1770900381.1589413,0.0,0.0,0.0
1770900381.1640637,0.0,0.0,0.0
1770900381.1691253,0.0,0.0,0.0
1770900381.174222,0.0,0.0,0.0
1770900381.1793158,0.0,0.0,0.0
1770900381.1843824,0.0,0.0,0.0
1770900381.1894479,0.0,0.0,0.0
1770900381.194541,0.0,0.0,0.0
1770900381.199632,0.0,0.0,0.0
1770900381.2046928,0.0,0.0,0.0
1770900381.209785,0.0,0.0,0.0
1770900381.2148786,0.0,0.0,0.0
1770900381.2199395,0.0,0.0,0.0
1770900381.225016,0.0,0.0,0.0
1770900381.2301154,0.0,0.0,0.0
1770900381.2363908,0.0,0.0,0.0
1770900381.241488,0.0,0.0,0.0
1770900381.2465973,0.0,0.0,0.0
1770900381.2516878,0.0,0.0,0.0
1770900381.2567778,0.0,0.0,0.0
1770900381.26187,0.0,0.0,0.0
1770900381.2669504,0.0,0.0,0.0
1770900381.272023,0.0,0.0,0.0
1770900381.2770872,0.0,0.0,0.0
1770900381.2821465,0.0,0.0,0.0
1770900381.2872095,0.0,0.0,0.0
1770900381.292273,0.0,0.0,0.0
1770900381.297365,0.0,0.0,0.0
1770900381.3024566,0.0,0.0,0.0
1770900381.3075678,0.0,0.0,0.0
1770900381.3126316,0.0,0.0,0.0
1770900381.3177247,0.0,0.0,0.0
1770900381.3228624,0.0,0.0,0.0
1770900381.3280036,0.0,0.0,0.0
1770900381.333069,0.0,0.0,0.0
1770900381.3381314,0.0,0.0,0.0
1770900381.3432286,0.0,0.0,0.0
1770900381.3483222,0.0,0.0,0.0
1770900381.3534188,0.0,0.0,0.0
1770900381.358514,0.0,0.0,0.0
1770900381.3636053,0.0,0.0,0.0
1770900381.3686671,0.0,0.0,0.0
1770900381.3737803,0.0,0.0,0.0
1770900381.3788283,0.0,0.0,0.0
1770900381.38393,0.0,0.0,0.0
1770900381.3890162,0.0,0.0,0.0
1770900381.3940947,0.0,0.0,0.0
1770900381.3991618,0.0,0.0,0.0
1770900381.404232,0.0,0.0,0.0
1770900381.4093287,0.0,0.0,0.0
1770900381.4144397,0.0,0.0,0.0
1770900381.4195075,0.0,0.0,0.0
1770900381.424642,0.0,0.0,0.0
1770900381.4297276,0.0,0.0,0.0
1770900381.4347963,0.0,0.0,0.0
1770900381.439882,0.0,0.0,0.0
1770900381.4449573,0.0,0.0,0.0
1770900381.4500272,0.0,0.0,0.0
1770900381.4551046,0.0,0.0,0.0
1770900381.4602084,0.0,0.0,0.0
1770900381.465306,0.0,0.0,0.0
1770900381.470399,0.0,0.0,0.0
1770900381.475506,0.0,0.0,0.0
1770900381.4806035,0.0,0.0,0.0
1770900381.4857194,0.0,0.0,0.0
1770900381.4907928,0.0,0.0,0.0
1770900381.4958649,0.0,0.0,0.0
1770900381.5009325,0.0,0.0,0.0
1770900381.5060298,0.0,0.0,0.0
1770900381.5111263,0.0,0.0,0.0
1770900381.516223,0.0,0.0,0.0
1770900381.52132,0.0,0.0,0.0
1770900381.5263906,0.0,0.0,0.0
1770900381.5314882,0.0,0.0,0.0
1770900381.5365841,0.0,0.0,0.0
1770900381.5417347,0.0,0.0,0.0
1770900381.5468535,0.0,0.0,0.0
1770900381.5518801,0.0,0.0,0.0
1770900381.5569456,0.0,0.0,0.0
1770900381.5620105,0.0,0.0,0.0
1770900381.5681863,0.0,0.0,0.0
1770900381.5732505,0.0,0.0,0.0
1770900381.5783544,0.0,0.0,0.0
1770900381.5834546,0.0,0.0,0.0
1770900381.5885494,0.0,0.0,0.0
1770900381.5936441,0.0,0.0,0.0
1770900381.5987132,0.0,0.0,0.0
1770900381.6038055,0.0,0.0,0.0
1770900381.608921,0.0,0.0,0.0
1770900381.6139846,0.0,0.0,0.0
1770900381.619048,0.0,0.0,0.0
1770900381.62412,0.0,0.0,0.0
1770900381.629188,0.0,0.0,0.0
1770900381.6342764,0.0,0.0,0.0
1770900381.6393979,0.0,0.0,0.0
1770900381.6444726,0.0,0.0,0.0
1770900381.6495812,0.0,0.0,0.0
1770900381.654653,0.0,0.0,0.0
1770900381.6597338,0.0,0.0,0.0
1770900381.6648364,0.0,0.0,0.0
1770900381.6698613,0.0,0.0,0.0
1770900381.674934,0.0,0.0,0.0
1770900381.6799998,0.0,0.0,0.0
1770900381.6850626,0.0,0.0,0.0
1770900381.6901395,0.0,0.0,0.0
1770900381.6952503,0.0,0.0,0.0
1770900381.7007885,0.0,0.0,0.0
1770900381.7058198,0.0,0.0,0.0
1770900381.7108657,0.0,0.0,0.0
1770900381.7159276,0.0,0.0,0.0
1770900381.7209923,0.0,0.0,0.0
1770900381.7260547,0.0,0.0,0.0
1770900381.7311165,0.0,0.0,0.0
1770900381.7361794,0.0,0.0,0.0
1770900381.7412744,0.0,0.0,0.0
1770900381.7463458,0.0,0.0,0.0
1770900381.7514088,0.0,0.0,0.0
1770900381.7564874,0.0,0.0,0.0
1770900381.761556,0.0,0.0,0.0
1770900381.7666144,0.0,0.0,0.0
1770900381.7716746,0.0,0.0,0.0
1770900381.776768,0.0,0.0,0.0
1770900381.7818727,0.0,0.0,0.0
1770900381.7869449,0.0,0.0,0.0
1770900381.7920127,0.0,0.0,0.0
1770900381.7970731,0.0,0.0,0.0
1770900381.8021355,0.0,0.0,0.0
1770900381.8072336,0.0,0.0,0.0
1770900381.8122995,0.0,0.0,0.0
1770900381.8173738,0.0,0.0,0.0
1770900381.8224387,0.0,0.0,0.0
1770900381.8275015,0.0,0.0,0.0
1770900381.8325932,0.0,0.0,0.0
1770900381.8376765,0.0,0.0,0.0
1770900381.842782,0.0,0.0,0.0
1770900381.847872,0.0,0.0,0.0
1770900381.8529348,0.0,0.0,0.0
1770900381.8579957,0.0,0.0,0.0
1770900381.863089,0.0,0.0,0.0
1770900381.8681698,0.0,0.0,0.0
1770900381.8732367,0.0,0.0,0.0
1770900381.878297,0.0,0.0,0.0
1770900381.8833618,0.0,0.0,0.0
1770900381.8884335,0.0,0.0,0.0
1770900381.8934982,0.0,0.0,0.0
1770900381.8985667,0.0,0.0,0.0
1770900381.9036367,0.0,0.0,0.0
1770900381.908735,0.0,0.0,0.0
1770900381.9137986,0.0,0.0,0.0
1770900381.9188964,0.0,0.0,0.0
1770900381.923961,0.0,0.0,0.0
1770900381.9290273,0.0,0.0,0.0
1770900381.9340937,0.0,0.0,0.0
1770900381.9391973,0.0,0.0,0.0
1770900381.9442942,0.0,0.0,0.0
1770900381.9493787,0.0,0.0,0.0
1770900381.954452,0.0,0.0,0.0
1770900381.9595098,0.0,0.0,0.0
1770900381.9645689,0.0,0.0,0.0
1770900381.9696627,0.0,0.0,0.0
1770900381.9747584,0.0,0.0,0.0
1770900381.9798248,0.0,0.0,0.0
1770900381.984881,0.0,0.0,0.0
1770900381.9899468,0.0,0.0,0.0
1770900381.9950407,0.0,0.0,0.0
1770900382.0001361,0.0,0.0,0.0
1770900382.005243,0.0,0.0,0.0
1770900382.010342,0.0,0.0,0.0
1770900382.015438,0.0,0.0,0.0
1770900382.0205338,0.0,0.0,0.0
1770900382.025624,0.0,0.0,0.0
1770900382.0307157,0.0,0.0,0.0
1770900382.0358124,0.0,0.0,0.0
1770900382.0408828,0.0,0.0,0.0
1770900382.0459487,0.0,0.0,0.0
1770900382.051011,0.0,0.0,0.0
1770900382.0561123,0.0,0.0,0.0
1770900382.0612283,0.0,0.0,0.0
1770900382.066331,0.0,0.0,0.0
1770900382.0714142,0.0,0.0,0.0
1770900382.0764933,0.0,0.0,0.0
1770900382.0815883,0.0,0.0,0.0
1770900382.0866842,0.0,0.0,0.0
1770900382.091782,0.0,0.0,0.0
1770900382.096865,0.0,0.0,0.0
1770900382.1019292,0.0,0.0,0.0
1770900382.1069934,0.0,0.0,0.0
1770900382.1120558,0.0,0.0,0.0
1770900382.117157,0.0,0.0,0.0
1770900382.1222484,0.0,0.0,0.0
1770900382.127347,0.0,0.0,0.0
1770900382.132426,0.0,0.0,0.0
1770900382.1374915,0.0,0.0,0.0
1770900382.1425624,0.0,0.0,0.0
1770900382.1476655,0.0,0.0,0.0
1770900382.1527574,0.0,0.0,0.0
1770900382.1578503,0.0,0.0,0.0
1770900382.162911,0.0,0.0,0.0
1770900382.1680238,0.0,0.0,0.0
1770900382.173121,0.0,0.0,0.0
1770900382.1781898,0.0,0.0,0.0
1770900382.183256,0.0,0.0,0.0
1770900382.1883466,0.0,0.0,0.0
1770900382.193453,0.0,0.0,0.0
1770900382.1985502,0.0,0.0,0.0
1770900382.2036467,0.0,0.0,0.0
1770900382.2087426,0.0,0.0,0.0
1770900382.2138374,0.0,0.0,0.0
1770900382.218863,0.0,0.0,0.0
1770900382.2239537,0.0,0.0,0.0
1770900382.2290583,0.0,0.0,0.0
1770900382.23413,0.0,0.0,0.0
1770900382.2391949,0.0,0.0,0.0
1770900382.2442577,0.0,0.0,0.0
1770900382.2493188,0.0,0.0,0.0
1770900382.2543821,0.0,0.0,0.0
1770900382.2594466,0.0,0.0,0.0
1770900382.2645133,0.0,0.0,0.0
1770900382.2695794,0.0,0.0,0.0
1770900382.2746427,0.0,0.0,0.0
1770900382.2797039,0.0,0.0,0.0
1770900382.2848048,0.0,0.0,0.0
1770900382.2898943,0.0,0.0,0.0
1770900382.2949598,0.0,0.0,0.0
1770900382.3013058,0.0,0.0,0.0
1770900382.3063731,0.0,0.0,0.0
1770900382.3114371,0.0,0.0,0.0
1770900382.3165298,0.0,0.0,0.0
1770900382.321621,0.0,0.0,0.0
1770900382.326712,0.0,0.0,0.0
1770900382.3318052,0.0,0.0,0.0
1770900382.3368661,0.0,0.0,0.0
1770900382.341932,0.0,0.0,0.0
1770900382.3469946,0.0,0.0,0.0
1770900382.3520896,0.0,0.0,0.0
1770900382.357151,0.0,0.0,0.0
1770900382.3622103,0.0,0.0,0.0
1770900382.367275,0.0,0.0,0.0
1770900382.372379,0.0,0.0,0.0
1770900382.3774755,0.0,0.0,0.0
1770900382.3825371,0.0,0.0,0.0
1770900382.387599,0.0,0.0,0.0
1770900382.3927002,0.0,0.0,0.0
1770900382.3977628,0.0,0.0,0.0
1770900382.4028728,0.0,0.0,0.0
1770900382.4079347,0.0,0.0,0.0
1770900382.4129965,0.0,0.0,0.0
1770900382.4180582,0.0,0.0,0.0
1770900382.4231513,0.0,0.0,0.0
1770900382.4282432,0.0,0.0,0.0
1770900382.4333057,0.0,0.0,0.0
1770900382.4383752,0.0,0.0,0.0
1770900382.4434435,0.0,0.0,0.0
1770900382.4485066,0.0,0.0,0.0
1770900382.4535735,0.0,0.0,0.0
1770900382.4586375,0.0,0.0,0.0
1770900382.463732,0.0,0.0,0.0
1770900382.4688253,0.0,0.0,0.0
1770900382.4739149,0.0,0.0,0.0
1770900382.4789755,0.0,0.0,0.0
1770900382.4840443,0.0,0.0,0.0
1770900382.4891424,0.0,0.0,0.0
1770900382.494258,0.0,0.0,0.0
1770900382.4996004,0.0,0.0,0.0
1770900382.5046666,0.0,0.0,0.0
1770900382.5097609,0.0,0.0,0.0
1770900382.5148582,0.0,0.0,0.0
1770900382.5199206,0.0,0.0,0.0
1770900382.5249872,0.0,0.0,0.0
1770900382.5300512,0.0,0.0,0.0
1770900382.5351126,0.0,0.0,0.0
1770900382.5402148,0.0,0.0,0.0
1770900382.5453105,0.0,0.0,0.0
1770900382.5504136,0.0,0.0,0.0
1770900382.5555806,0.0,0.0,0.0
1770900382.5606487,0.0,0.0,0.0
1770900382.5657094,0.0,0.0,0.0
1770900382.5707707,0.0,0.0,0.0
1770900382.5758214,0.0,0.0,0.0
1770900382.5808816,0.0,0.0,0.0
1770900382.585942,0.0,0.0,0.0
1770900382.5910048,0.0,0.0,0.0
1770900382.5960839,0.0,0.0,0.0
1770900382.6011593,0.0,0.0,0.0
1770900382.6062222,0.0,0.0,0.0
1770900382.6112874,0.0,0.0,0.0
1770900382.6163504,0.0,0.0,0.0
1770900382.6214364,0.0,0.0,0.0
1770900382.6265354,0.0,0.0,0.0
1770900382.6325521,0.0,0.0,0.0
1770900382.6376178,0.0,0.0,0.0
1770900382.6426797,0.0,0.0,0.0
1770900382.6477408,0.0,0.0,0.0
1770900382.6528277,0.0,0.0,0.0
1770900382.6578708,0.0,0.0,0.0
1770900382.6629477,0.0,0.0,0.0
1770900382.6680167,0.0,0.0,0.0
1770900382.6731093,0.0,0.0,0.0
1770900382.6782012,0.0,0.0,0.0
1770900382.6832616,0.0,0.0,0.0
1770900382.688332,0.0,0.0,0.0
1770900382.693446,0.0,0.0,0.0
1770900382.6985164,0.0,0.0,0.0
1770900382.7035887,0.0,0.0,0.0
1770900382.7086625,0.0,0.0,0.0
1770900382.713749,0.0,0.0,0.0
1770900382.7188263,0.0,0.0,0.0
1770900382.7238905,0.0,0.0,0.0
1770900382.7289546,0.0,0.0,0.0
1770900382.734019,0.0,0.0,0.0
1770900382.7390816,0.0,0.0,0.0
1770900382.7441516,0.0,0.0,0.0
1770900382.7492263,0.0,0.0,0.0
1770900382.7543087,0.0,0.0,0.0
1770900382.7594187,0.0,0.0,0.0
1770900382.7655077,0.0,0.0,0.0
1770900382.7706065,0.0,0.0,0.0
1770900382.775699,0.0,0.0,0.0
1770900382.7807968,0.0,0.0,0.0
1770900382.78586,0.0,0.0,0.0
1770900382.7909224,0.0,0.0,0.0
1770900382.7959833,0.0,0.0,0.0
1770900382.8010619,0.0,0.0,0.0
1770900382.8061392,0.0,0.0,0.0
1770900382.8112364,0.0,0.0,0.0
1770900382.816302,0.0,0.0,0.0
1770900382.8213708,0.0,0.0,0.0
1770900382.826466,0.0,0.0,0.0
1770900382.8315353,0.0,0.0,0.0
1770900382.8366368,0.0,0.0,0.0
1770900382.8417428,0.0,0.0,0.0
1770900382.8468254,0.0,0.0,0.0
1770900382.8518548,0.0,0.0,0.0
1770900382.8569179,0.0,0.0,0.0
1770900382.862028,0.0,0.0,0.0
1770900382.8671107,0.0,0.0,0.0
1770900382.8722064,0.0,0.0,0.0
1770900382.877272,0.0,0.0,0.0
1770900382.882373,0.0,0.0,0.0
1770900382.8874676,0.0,0.0,0.0
1770900382.892537,0.0,0.0,0.0
1770900382.897647,0.0,0.0,0.0
1770900382.9027493,0.0,0.0,0.0
1770900382.907843,0.0,0.0,0.0
1770900382.9128644,0.0,0.0,0.0
1770900382.9179275,0.0,0.0,0.0
1770900382.9229913,0.0,0.0,0.0
1770900382.928056,0.0,0.0,0.0
1770900382.9331307,0.0,0.0,0.0
1770900382.9381943,0.0,0.0,0.0
1770900382.9432647,0.0,0.0,0.0
1770900382.9483593,0.0,0.0,0.0
1770900382.9534545,0.0,0.0,0.0
1770900382.9585598,0.0,0.0,0.0
1770900382.9645617,0.0,0.0,0.0
1770900382.969654,0.0,0.0,0.0
1770900382.9747474,0.0,0.0,0.0
1770900382.979838,0.0,0.0,0.0
1770900382.9848526,0.0,0.0,0.0
1770900382.989946,0.0,0.0,0.0
1770900382.9950087,0.0,0.0,0.0
1770900383.0000763,0.0,0.0,0.0
1770900383.0051584,0.0,0.0,0.0
1770900383.0102298,0.0,0.0,0.0
1770900383.0153227,0.0,0.0,0.0
1770900383.0204172,0.0,0.0,0.0
1770900383.0254924,0.0,0.0,0.0
1770900383.0305903,0.0,0.0,0.0
1770900383.0356915,0.0,0.0,0.0
1770900383.04079,0.0,0.0,0.0
1770900383.0458639,0.0,0.0,0.0
1770900383.0509248,0.0,0.0,0.0
1770900383.0559866,0.0,0.0,0.0
1770900383.061068,0.0,0.0,0.0
1770900383.066146,0.0,0.0,0.0
1770900383.0712528,0.0,0.0,0.0
1770900383.0763254,0.0,0.0,0.0
1770900383.081427,0.0,0.0,0.0
1770900383.0865006,0.0,0.0,0.0
1770900383.091596,0.0,0.0,0.0
1770900383.096762,0.0,0.0,0.0
1770900383.101836,0.0,0.0,0.0
1770900383.1068988,0.0,0.0,0.0
1770900383.1119554,0.0,0.0,0.0
1770900383.117012,0.0,0.0,0.0
1770900383.1220894,0.0,0.0,0.0
1770900383.1271577,0.0,0.0,0.0
1770900383.1322267,0.0,0.0,0.0
1770900383.1372864,0.0,0.0,0.0
1770900383.1423438,0.0,0.0,0.0
1770900383.1474023,0.0,0.0,0.0
1770900383.152462,0.0,0.0,0.0
1770900383.157528,0.0,0.0,0.0
1770900383.1626306,0.0,0.0,0.0
1770900383.167799,0.0,0.0,0.0
1770900383.1728842,0.0,0.0,0.0
1770900383.178004,0.0,0.0,0.0
1770900383.1830738,0.0,0.0,0.0
1770900383.1881404,0.0,0.0,0.0
1770900383.1932058,0.0,0.0,0.0
1770900383.1982787,0.0,0.0,0.0
1770900383.2033515,0.0,0.0,0.0
1770900383.2084584,0.0,0.0,0.0
1770900383.2135236,0.0,0.0,0.0
1770900383.2186372,0.0,0.0,0.0
1770900383.2237127,0.0,0.0,0.0
1770900383.228808,0.0,0.0,0.0
1770900383.233821,0.0,0.0,0.0
1770900383.238883,0.0,0.0,0.0
1770900383.2439523,0.0,0.0,0.0
1770900383.2490308,0.0,0.0,0.0
1770900383.2541313,0.0,0.0,0.0
1770900383.2592282,0.0,0.0,0.0
1770900383.2642946,0.0,0.0,0.0
1770900383.2693567,0.0,0.0,0.0
1770900383.2744212,0.0,0.0,0.0
1770900383.2795103,0.0,0.0,0.0
1770900383.2845821,0.0,0.0,0.0
1770900383.2896466,0.0,0.0,0.0
1770900383.2947083,0.0,0.0,0.0
1770900383.2997704,0.0,0.0,0.0
1770900383.3048701,0.0,0.0,0.0
1770900383.3099647,0.0,0.0,0.0
1770900383.3150597,0.0,0.0,0.0
1770900383.320153,0.0,0.0,0.0
1770900383.3280883,0.0,0.0,0.0
1770900383.3331592,0.0,0.0,0.0
1770900383.3382592,0.0,0.0,0.0
1770900383.343356,0.0,0.0,0.0
1770900383.3484662,0.0,0.0,0.0
1770900383.353594,0.0,0.0,0.0
1770900383.358698,0.0,0.0,0.0
1770900383.3637779,0.0,0.0,0.0
1770900383.3688688,0.0,0.0,0.0
1770900383.3748336,0.0,0.0,0.0
1770900383.3835094,0.0,0.0,0.0
1770900383.3886197,0.0,0.0,0.0
1770900383.393736,0.0,0.0,0.0
1770900383.3988008,0.0,0.0,0.0
1770900383.4038525,0.0,0.0,0.0
1770900383.4089177,0.0,0.0,0.0
1770900383.4139893,0.0,0.0,0.0
1770900383.419091,0.0,0.0,0.0
1770900383.4241877,0.0,0.0,0.0
1770900383.4292653,0.0,0.0,0.0
1770900383.4343302,0.0,0.0,0.0
1770900383.4394174,0.0,0.0,0.0
1770900383.4444916,0.0,0.0,0.0
1770900383.4495535,0.0,0.0,0.0
1770900383.4546146,0.0,0.0,0.0
1770900383.4597082,0.0,0.0,0.0
1770900383.4647794,0.0,0.0,0.0
1770900383.4706886,0.0,0.0,0.0
1770900383.475759,0.0,0.0,0.0
1770900383.4808738,0.0,0.0,0.0
1770900383.4859374,0.0,0.0,0.0
1770900383.4910047,0.0,0.0,0.0
1770900383.4960804,0.0,0.0,0.0
1770900383.501194,0.0,0.0,0.0
1770900383.5063033,0.0,0.0,0.0
1770900383.5114052,0.0,0.0,0.0
1770900383.5165014,0.0,0.0,0.0
1770900383.5216043,0.0,0.0,0.0
1770900383.5267067,0.0,0.0,0.0
1770900383.531803,0.0,0.0,0.0
1770900383.5368795,0.0,0.0,0.0
1770900383.541981,0.0,0.0,0.0
1770900383.54705,0.0,0.0,0.0
1770900383.5521207,0.0,0.0,0.0
1770900383.557194,0.0,0.0,0.0
1770900383.5622628,0.0,0.0,0.0
1770900383.5673265,0.0,0.0,0.0
1770900383.5724375,0.0,0.0,0.0
1770900383.5775502,0.0,0.0,0.0
1770900383.582645,0.0,0.0,0.0
1770900383.587736,0.0,0.0,0.0
1770900383.5928302,0.0,0.0,0.0
1770900383.5979247,0.0,0.0,0.0
1770900383.6030288,0.0,0.0,0.0
1770900383.608122,0.0,0.0,0.0
1770900383.6132197,0.0,0.0,0.0
1770900383.6182833,0.0,0.0,0.0
1770900383.6249514,0.0,0.0,0.0
1770900383.6300235,0.0,0.0,0.0
1770900383.6351175,0.0,0.0,0.0
1770900383.6401927,0.0,0.0,0.0
1770900383.6452549,0.0,0.0,0.0
1770900383.6503327,0.0,0.0,0.0
1770900383.6554484,0.0,0.0,0.0
1770900383.6605518,0.0,0.0,0.0
1770900383.665647,0.0,0.0,0.0
1770900383.6707573,0.0,0.0,0.0
1770900383.6758704,0.0,0.0,0.0
1770900383.6809657,0.0,0.0,0.0
1770900383.6860847,0.0,0.0,0.0
1770900383.6911957,0.0,0.0,0.0
1770900383.6963263,0.0,0.0,0.0
1770900383.7014365,0.0,0.0,0.0
1770900383.7065408,0.0,0.0,0.0
1770900383.7116394,0.0,0.0,0.0
1770900383.7167337,0.0,0.0,0.0
1770900383.721838,0.0,0.0,0.0
1770900383.726936,0.0,0.0,0.0
1770900383.7319994,0.0,0.0,0.0
1770900383.7370636,0.0,0.0,0.0
1770900383.7421281,0.0,0.0,0.0
1770900383.7471926,0.0,0.0,0.0
1770900383.7522886,0.0,0.0,0.0
1770900383.7573662,0.0,0.0,0.0
1770900383.7624633,0.0,0.0,0.0
1770900383.7675607,0.0,0.0,0.0
1770900383.7726567,0.0,0.0,0.0
1770900383.7777512,0.0,0.0,0.0
1770900383.7828534,0.0,0.0,0.0
1770900383.7879276,0.0,0.0,0.0
1770900383.7930014,0.0,0.0,0.0
1770900383.7980714,0.0,0.0,0.0
1770900383.8031356,0.0,0.0,0.0
1770900383.808199,0.0,0.0,0.0
1770900383.8132594,0.0,0.0,0.0
1770900383.8183248,0.0,0.0,0.0
1770900383.823423,0.0,0.0,0.0
1770900383.8285158,0.0,0.0,0.0
1770900383.8336103,0.0,0.0,0.0
1770900383.8386738,0.0,0.0,0.0
1770900383.8438194,0.0,0.0,0.0
1770900383.8488615,0.0,0.0,0.0
1770900383.8539286,0.0,0.0,0.0
1770900383.8589914,0.0,0.0,0.0
1770900383.8640552,0.0,0.0,0.0
1770900383.8691242,0.0,0.0,0.0
1770900383.8741937,0.0,0.0,0.0
1770900383.8792617,0.0,0.0,0.0
1770900383.8843293,0.0,0.0,0.0
1770900383.8893945,0.0,0.0,0.0
1770900383.8944876,0.0,0.0,0.0
1770900383.899579,0.0,0.0,0.0
1770900383.9047065,0.0,0.0,0.0
1770900383.9098186,0.0,0.0,0.0
1770900383.9148853,0.0,0.0,0.0
1770900383.9199476,0.0,0.0,0.0
1770900383.9250093,0.0,0.0,0.0
1770900383.9300735,0.0,0.0,0.0
1770900383.935189,0.0,0.0,0.0
1770900383.9402723,0.0,0.0,0.0
1770900383.9453573,0.0,0.0,0.0
1770900383.9504592,0.0,0.0,0.0
1770900383.9555628,0.0,0.0,0.0
1770900383.9606667,0.0,0.0,0.0
1770900383.9657676,0.0,0.0,0.0
1770900383.9708724,0.0,0.0,0.0
1770900383.975957,0.0,0.0,0.0
1770900383.9810348,0.0,0.0,0.0
1770900383.9860969,0.0,0.0,0.0
1770900383.9911594,0.0,0.0,0.0
1770900383.996233,0.0,0.0,0.0
1770900384.0013196,0.0,0.0,0.0
1770900384.0064435,0.0,0.0,0.0
1770900384.0115159,0.0,0.0,0.0
1770900384.0165951,0.0,0.0,0.0
1770900384.021693,0.0,0.0,0.0
1770900384.0281188,0.0,0.0,0.0
1770900384.0331855,0.0,0.0,0.0
1770900384.0382552,0.0,0.0,0.0
1770900384.0433588,0.0,0.0,0.0
1770900384.0484672,0.0,0.0,0.0
1770900384.0535636,0.0,0.0,0.0
1770900384.0586276,0.0,0.0,0.0
1770900384.0637784,0.0,0.0,0.0
1770900384.0688772,0.0,0.0,0.0
1770900384.0739398,0.0,0.0,0.0
1770900384.0790012,0.0,0.0,0.0
1770900384.0840604,0.0,0.0,0.0
1770900384.0891676,0.0,0.0,0.0
1770900384.0942724,0.0,0.0,0.0
1770900384.0993433,0.0,0.0,0.0
1770900384.1044106,0.0,0.0,0.0
1770900384.1094818,0.0,0.0,0.0
1770900384.1145792,0.0,0.0,0.0
1770900384.1196744,0.0,0.0,0.0
1770900384.1247466,0.0,0.0,0.0
1770900384.129859,0.0,0.0,0.0
1770900384.1348782,0.0,0.0,0.0
1770900384.1399434,0.0,0.0,0.0
1770900384.1450076,0.0,0.0,0.0
1770900384.1501017,0.0,0.0,0.0
1770900384.155166,0.0,0.0,0.0
1770900384.1602783,0.0,0.0,0.0
1770900384.1653802,0.0,0.0,0.0
1770900384.1704745,0.0,0.0,0.0
1770900384.1755571,0.0,0.0,0.0
1770900384.1806204,0.0,0.0,0.0
1770900384.1856835,0.0,0.0,0.0
1770900384.1907458,0.0,0.0,0.0
1770900384.1958044,0.0,0.0,0.0
1770900384.2008214,0.0,0.0,0.0
1770900384.2058878,0.0,0.0,0.0
1770900384.2109556,0.0,0.0,0.0
1770900384.2160227,0.0,0.0,0.0
1770900384.2212338,0.0,0.0,0.0
1770900384.226305,0.0,0.0,0.0
1770900384.231365,0.0,0.0,0.0
1770900384.2364652,0.0,0.0,0.0
1770900384.241524,0.0,0.0,0.0
1770900384.2465982,0.0,0.0,0.0
1770900384.2516568,0.0,0.0,0.0
1770900384.2567472,0.0,0.0,0.0
1770900384.2618062,0.0,0.0,0.0
1770900384.266822,0.0,0.0,0.0
1770900384.271883,0.0,0.0,0.0
1770900384.2769475,0.0,0.0,0.0
1770900384.2820127,0.0,0.0,0.0
1770900384.2870746,0.0,0.0,0.0
1770900384.292133,0.0,0.0,0.0
1770900384.2972267,0.0,0.0,0.0
1770900384.3022864,0.0,0.0,0.0
1770900384.3073556,0.0,0.0,0.0
1770900384.3124151,0.0,0.0,0.0
1770900384.3175175,0.0,0.0,0.0
1770900384.3225853,0.0,0.0,0.0
1770900384.3276913,0.0,0.0,0.0
1770900384.3327699,0.0,0.0,0.0
1770900384.337859,0.0,0.0,0.0
1770900384.3429213,0.0,0.0,0.0
1770900384.3480122,0.0,0.0,0.0
1770900384.3531628,0.0,0.0,0.0
1770900384.3582602,0.0,0.0,0.0
1770900384.3633187,0.0,0.0,0.0
1770900384.3683975,0.0,0.0,0.0
1770900384.3734646,0.0,0.0,0.0
1770900384.3785655,0.0,0.0,0.0
1770900384.383627,0.0,0.0,0.0
1770900384.3887193,0.0,0.0,0.0
1770900384.3938117,0.0,0.0,0.0
1770900384.398879,0.0,0.0,0.0
1770900384.4039428,0.0,0.0,0.0
1770900384.4090052,0.0,0.0,0.0
1770900384.4140997,0.0,0.0,0.0
1770900384.4191644,0.0,0.0,0.0
1770900384.426642,0.0,0.0,0.0
1770900384.4317145,0.0,0.0,0.0
1770900384.4368165,0.0,0.0,0.0
1770900384.4419148,0.0,0.0,0.0
1770900384.4469836,0.0,0.0,0.0
1770900384.4520504,0.0,0.0,0.0
1770900384.4571147,0.0,0.0,0.0
1770900384.4621787,0.0,0.0,0.0
1770900384.4672446,0.0,0.0,0.0
1770900384.4723086,0.0,0.0,0.0
1770900384.477371,0.0,0.0,0.0
1770900384.4824498,0.0,0.0,0.0
1770900384.4894311,0.0,0.0,0.0
1770900384.4944954,0.0,0.0,0.0
1770900384.4995606,0.0,0.0,0.0
1770900384.5046313,0.0,0.0,0.0
1770900384.509693,0.0,0.0,0.0
1770900384.514752,0.0,0.0,0.0
1770900384.5198169,0.0,0.0,0.0
1770900384.5248973,0.0,0.0,0.0
1770900384.5299675,0.0,0.0,0.0
1770900384.5350323,0.0,0.0,0.0
1770900384.5400958,0.0,0.0,0.0
1770900384.5451822,0.0,0.0,0.0
1770900384.5502453,0.0,0.0,0.0
1770900384.5569437,0.0,0.0,0.0
1770900384.562035,0.0,0.0,0.0
1770900384.5671117,0.0,0.0,0.0
1770900384.5721743,0.0,0.0,0.0
1770900384.5772355,0.0,0.0,0.0
1770900384.582315,0.0,0.0,0.0
1770900384.58739,0.0,0.0,0.0
1770900384.5924547,0.0,0.0,0.0
1770900384.5975246,0.0,0.0,0.0
1770900384.6026182,0.0,0.0,0.0
1770900384.6077096,0.0,0.0,0.0
1770900384.6128163,0.0,0.0,0.0
1770900384.6178806,0.0,0.0,0.0
1770900384.622949,0.0,0.0,0.0
1770900384.628056,0.0,0.0,0.0
1770900384.6331298,0.0,0.0,0.0
1770900384.6382234,0.0,0.0,0.0
1770900384.6432993,0.0,0.0,0.0
1770900384.648373,0.0,0.0,0.0
1770900384.6534705,0.0,0.0,0.0
1770900384.658563,0.0,0.0,0.0
1770900384.663628,0.0,0.0,0.0
1770900384.6686926,0.0,0.0,0.0
1770900384.673767,0.0,0.0,0.0
1770900384.6788704,0.0,0.0,0.0
1770900384.6839356,0.0,0.0,0.0
1770900384.6891515,0.0,0.0,0.0
1770900384.6942406,0.0,0.0,0.0
1770900384.6993175,0.0,0.0,0.0
1770900384.7043846,0.0,0.0,0.0
1770900384.7094808,0.0,0.0,0.0
1770900384.7145793,0.0,0.0,0.0
1770900384.719671,0.0,0.0,0.0
1770900384.7247667,0.0,0.0,0.0
1770900384.7298734,0.0,0.0,0.0
1770900384.73494,0.0,0.0,0.0
1770900384.7400458,0.0,0.0,0.0
1770900384.7451057,0.0,0.0,0.0
1770900384.7501674,0.0,0.0,0.0
1770900384.757061,0.0,0.0,0.0
1770900384.7621577,0.0,0.0,0.0
1770900384.7672336,0.0,0.0,0.0
1770900384.7723005,0.0,0.0,0.0
1770900384.7773786,0.0,0.0,0.0
1770900384.7824492,0.0,0.0,0.0
1770900384.7875187,0.0,0.0,0.0
1770900384.792584,0.0,0.0,0.0
